Time,Open,High,Low,Close,Volume
2019.03.25 10:59:00,1.13071,1.13073,1.13065,1.13071,35
2019.03.25 10:58:00,1.13069,1.13076,1.13066,1.13072,45
2019.03.25 10:57:00,1.13072,1.13073,1.1306,1.13069,44
2019.03.25 10:56:00,1.13047,1.13076,1.13047,1.13072,50
2019.03.25 10:55:00,1.13041,1.1305,1.13036,1.13047,44
2019.03.25 10:54:00,1.13046,1.1305,1.13041,1.13041,55
2019.03.25 10:53:00,1.13055,1.13062,1.13041,1.13046,66
2019.03.25 10:52:00,1.1305,1.13062,1.13047,1.13055,73
2019.03.25 10:51:00,1.1305,1.13058,1.13044,1.1305,99
2019.03.25 10:50:00,1.13081,1.13081,1.1305,1.1305,88
2019.03.25 10:49:00,1.13065,1.13086,1.13065,1.13081,73
2019.03.25 10:48:00,1.13067,1.13068,1.13058,1.13065,78
2019.03.25 10:47:00,1.13075,1.13083,1.13062,1.13068,70
2019.03.25 10:46:00,1.13087,1.13089,1.1307,1.13075,81
2019.03.25 10:45:00,1.13096,1.13098,1.13084,1.13086,60
2019.03.25 10:44:00,1.13102,1.13105,1.13095,1.13096,64
2019.03.25 10:43:00,1.13103,1.13115,1.13097,1.13102,125
2019.03.25 10:42:00,1.13097,1.13106,1.13094,1.13103,82
2019.03.25 10:41:00,1.13084,1.13107,1.13081,1.13097,70
2019.03.25 10:40:00,1.13074,1.13086,1.13068,1.13084,51
2019.03.25 10:39:00,1.13083,1.13084,1.13068,1.13074,66
2019.03.25 10:38:00,1.13088,1.13095,1.13081,1.13082,98
2019.03.25 10:37:00,1.13067,1.13089,1.13066,1.13088,121
2019.03.25 10:36:00,1.13053,1.13068,1.13047,1.13067,139
2019.03.25 10:35:00,1.13031,1.13053,1.13031,1.13053,70
2019.03.25 10:34:00,1.13027,1.13042,1.13027,1.13031,96
2019.03.25 10:33:00,1.13012,1.13031,1.13012,1.13027,81
2019.03.25 10:32:00,1.12993,1.13013,1.12992,1.13013,83
2019.03.25 10:31:00,1.13008,1.13008,1.12993,1.12993,70
2019.03.25 10:30:00,1.13015,1.13027,1.13005,1.13008,118
2019.03.25 10:29:00,1.12992,1.13017,1.12992,1.13015,86
2019.03.25 10:28:00,1.12982,1.12992,1.1298,1.12992,86
2019.03.25 10:27:00,1.1298,1.12986,1.12978,1.12984,54
2019.03.25 10:26:00,1.12971,1.12983,1.12969,1.1298,41
2019.03.25 10:25:00,1.12969,1.12979,1.12969,1.12971,80
2019.03.25 10:24:00,1.12965,1.12972,1.1296,1.12969,49
2019.03.25 10:23:00,1.1296,1.12966,1.12958,1.12965,43
2019.03.25 10:22:00,1.12953,1.12964,1.12948,1.1296,77
2019.03.25 10:21:00,1.1296,1.12967,1.12942,1.12953,111
2019.03.25 10:20:00,1.12978,1.12982,1.12956,1.1296,56
2019.03.25 10:19:00,1.12993,1.12997,1.12968,1.12979,55
2019.03.25 10:18:00,1.13002,1.13002,1.12988,1.12993,58
2019.03.25 10:17:00,1.13005,1.13007,1.12998,1.13002,70
2019.03.25 10:16:00,1.12986,1.13005,1.12986,1.13005,78
2019.03.25 10:15:00,1.12989,1.12992,1.12982,1.12986,90
2019.03.25 10:14:00,1.13007,1.13011,1.12987,1.12989,86
2019.03.25 10:13:00,1.13017,1.1302,1.13001,1.13007,67
2019.03.25 10:12:00,1.13027,1.13035,1.13017,1.13017,87
2019.03.25 10:11:00,1.13017,1.13036,1.13012,1.13027,82
2019.03.25 10:10:00,1.13015,1.13038,1.13014,1.13017,87
2019.03.25 10:09:00,1.13018,1.1302,1.13012,1.13017,52
2019.03.25 10:08:00,1.13025,1.13025,1.13012,1.13018,73
2019.03.25 10:07:00,1.13042,1.13042,1.13017,1.13025,67
2019.03.25 10:06:00,1.13042,1.13044,1.1304,1.13042,28
2019.03.25 10:05:00,1.13045,1.13046,1.13041,1.13042,77
2019.03.25 10:04:00,1.13049,1.13056,1.13043,1.13045,123
2019.03.25 10:03:00,1.13059,1.13064,1.13047,1.13049,136
2019.03.25 10:02:00,1.13069,1.1307,1.13053,1.13059,118
2019.03.25 10:01:00,1.13071,1.13079,1.1306,1.13069,141
2019.03.25 10:00:00,1.13085,1.13085,1.13056,1.1307,177
2019.03.25 09:59:00,1.13125,1.13125,1.13086,1.13086,83
2019.03.25 09:58:00,1.13087,1.13125,1.13073,1.13124,161
2019.03.25 09:57:00,1.1308,1.13111,1.13075,1.13087,108
2019.03.25 09:56:00,1.13085,1.13091,1.13076,1.1308,81
2019.03.25 09:55:00,1.13085,1.13093,1.13073,1.13085,100
2019.03.25 09:54:00,1.13101,1.13101,1.13084,1.13084,53
2019.03.25 09:53:00,1.13111,1.13115,1.13096,1.131,71
2019.03.25 09:52:00,1.13126,1.13127,1.13111,1.13111,54
2019.03.25 09:51:00,1.13134,1.13137,1.13123,1.13127,83
2019.03.25 09:50:00,1.13124,1.13139,1.13124,1.13134,70
2019.03.25 09:49:00,1.13119,1.13124,1.13111,1.13124,34
2019.03.25 09:48:00,1.13091,1.13123,1.13091,1.13119,49
2019.03.25 09:47:00,1.13088,1.13093,1.13083,1.13091,27
2019.03.25 09:46:00,1.13076,1.1309,1.13076,1.13089,64
2019.03.25 09:45:00,1.1308,1.1308,1.13076,1.13077,28
2019.03.25 09:44:00,1.13101,1.13101,1.13077,1.13079,43
2019.03.25 09:43:00,1.13097,1.13103,1.1309,1.13101,43
2019.03.25 09:42:00,1.13094,1.13101,1.13091,1.13097,64
2019.03.25 09:41:00,1.13081,1.131,1.13078,1.13094,71
2019.03.25 09:40:00,1.13075,1.13082,1.13075,1.13081,47
2019.03.25 09:39:00,1.13086,1.13088,1.13071,1.13075,57
2019.03.25 09:38:00,1.1308,1.13088,1.13078,1.13086,75
2019.03.25 09:37:00,1.13066,1.1308,1.13066,1.1308,61
2019.03.25 09:36:00,1.13064,1.13068,1.13063,1.13066,33
2019.03.25 09:35:00,1.1306,1.1307,1.1306,1.13063,57
2019.03.25 09:34:00,1.13061,1.13067,1.13059,1.1306,44
2019.03.25 09:33:00,1.13047,1.13063,1.13047,1.13061,53
2019.03.25 09:32:00,1.13043,1.13052,1.13039,1.13047,66
2019.03.25 09:31:00,1.13052,1.13053,1.13042,1.13042,59
2019.03.25 09:30:00,1.1306,1.13063,1.13046,1.13052,78
2019.03.25 09:29:00,1.13072,1.13075,1.13053,1.1306,55
2019.03.25 09:28:00,1.13077,1.1308,1.13071,1.13072,35
2019.03.25 09:27:00,1.13073,1.13081,1.13071,1.13077,38
2019.03.25 09:26:00,1.13076,1.13078,1.13067,1.13073,66
2019.03.25 09:25:00,1.13082,1.13082,1.13072,1.13076,32
2019.03.25 09:24:00,1.13078,1.13085,1.13077,1.13081,34
2019.03.25 09:23:00,1.13082,1.13082,1.13076,1.13079,23
2019.03.25 09:22:00,1.1308,1.13084,1.13079,1.13081,19
2019.03.25 09:21:00,1.13088,1.13091,1.13079,1.1308,61
2019.03.25 09:20:00,1.13077,1.13089,1.13068,1.13088,35
2019.03.25 09:19:00,1.13074,1.13078,1.13072,1.13077,24
2019.03.25 09:18:00,1.13066,1.13078,1.13066,1.13074,10
2019.03.25 09:17:00,1.13068,1.13074,1.13066,1.13066,15
2019.03.25 09:16:00,1.13061,1.13068,1.13058,1.13067,39
2019.03.25 09:15:00,1.13068,1.13074,1.13058,1.13062,49
2019.03.25 09:14:00,1.13068,1.13073,1.13061,1.13068,41
2019.03.25 09:13:00,1.13069,1.13074,1.13067,1.13068,49
2019.03.25 09:12:00,1.13067,1.1307,1.13065,1.13069,31
2019.03.25 09:11:00,1.13062,1.13073,1.13062,1.13067,30
2019.03.25 09:10:00,1.13068,1.13077,1.13062,1.13062,60
2019.03.25 09:09:00,1.13057,1.13076,1.13057,1.13068,61
2019.03.25 09:08:00,1.13077,1.13079,1.13046,1.13054,83
2019.03.25 09:07:00,1.13045,1.13078,1.13043,1.13078,66
2019.03.25 09:06:00,1.13043,1.13049,1.13041,1.13044,20
2019.03.25 09:05:00,1.13039,1.13049,1.13039,1.13043,42
2019.03.25 09:04:00,1.13041,1.13047,1.13037,1.13039,38
2019.03.25 09:03:00,1.13032,1.13047,1.13032,1.13041,75
2019.03.25 09:02:00,1.13037,1.13038,1.13027,1.13032,37
2019.03.25 09:01:00,1.13026,1.13041,1.13025,1.13037,44
2019.03.25 09:00:00,1.13028,1.13033,1.13024,1.13026,47
2019.03.25 08:59:00,1.13028,1.13032,1.13027,1.13028,28
2019.03.25 08:58:00,1.13027,1.13032,1.13026,1.13028,19
2019.03.25 08:57:00,1.13026,1.13029,1.13023,1.13026,33
2019.03.25 08:56:00,1.13008,1.13032,1.13008,1.13027,39
2019.03.25 08:55:00,1.13001,1.1301,1.13,1.13008,24
2019.03.25 08:54:00,1.12999,1.13005,1.12996,1.13001,28
2019.03.25 08:53:00,1.13002,1.13005,1.12999,1.12999,30
2019.03.25 08:52:00,1.13027,1.13027,1.13002,1.13002,28
2019.03.25 08:51:00,1.13012,1.13029,1.13011,1.13027,41
2019.03.25 08:50:00,1.13,1.13015,1.12995,1.13012,37
2019.03.25 08:49:00,1.13002,1.13002,1.13001,1.13001,4
2019.03.25 08:48:00,1.13006,1.13006,1.13,1.13001,21
2019.03.25 08:47:00,1.13002,1.13006,1.13002,1.13006,7
2019.03.25 08:46:00,1.12995,1.13005,1.12995,1.13002,21
2019.03.25 08:45:00,1.13007,1.1301,1.12994,1.12995,34
2019.03.25 08:44:00,1.1301,1.13011,1.13005,1.13007,27
2019.03.25 08:43:00,1.13026,1.13026,1.1301,1.1301,21
2019.03.25 08:42:00,1.13028,1.13031,1.13022,1.13025,16
2019.03.25 08:41:00,1.13017,1.13028,1.13017,1.13028,22
2019.03.25 08:40:00,1.13021,1.13022,1.13011,1.13016,19
2019.03.25 08:39:00,1.13028,1.13028,1.13021,1.13021,9
2019.03.25 08:38:00,1.13027,1.13028,1.13026,1.13028,9
2019.03.25 08:37:00,1.13027,1.13032,1.13025,1.13027,31
2019.03.25 08:36:00,1.13027,1.1303,1.13026,1.13026,16
2019.03.25 08:35:00,1.13025,1.1303,1.13019,1.13027,29
2019.03.25 08:34:00,1.13027,1.13031,1.13025,1.13025,15
2019.03.25 08:33:00,1.13026,1.13031,1.13025,1.13025,9
2019.03.25 08:32:00,1.13026,1.13031,1.13026,1.13026,20
2019.03.25 08:31:00,1.13022,1.13029,1.13022,1.13026,15
2019.03.25 08:30:00,1.13037,1.13037,1.13021,1.13022,28
2019.03.25 08:29:00,1.13023,1.13037,1.13018,1.13037,51
2019.03.25 08:28:00,1.13021,1.13023,1.13018,1.13023,16
2019.03.25 08:27:00,1.13037,1.13037,1.1302,1.1302,15
2019.03.25 08:26:00,1.13038,1.13042,1.13037,1.13037,8
2019.03.25 08:25:00,1.13032,1.13038,1.13031,1.13038,8
2019.03.25 08:24:00,1.13029,1.13033,1.13029,1.13032,7
2019.03.25 08:23:00,1.13029,1.13033,1.13025,1.13029,19
2019.03.25 08:22:00,1.13018,1.13032,1.13018,1.13029,37
2019.03.25 08:21:00,1.12999,1.13018,1.12999,1.13018,32
2019.03.25 08:20:00,1.13009,1.13009,1.12999,1.12999,14
2019.03.25 08:19:00,1.13012,1.13012,1.13008,1.13009,20
2019.03.25 08:18:00,1.13008,1.13012,1.13008,1.13011,15
2019.03.25 08:17:00,1.13013,1.13013,1.13008,1.13008,19
2019.03.25 08:16:00,1.13009,1.13013,1.13009,1.13013,12
2019.03.25 08:15:00,1.13013,1.13013,1.13008,1.13009,18
2019.03.25 08:14:00,1.13012,1.13013,1.13012,1.13013,2
2019.03.25 08:13:00,1.13012,1.13013,1.13012,1.13013,6
2019.03.25 08:12:00,1.13012,1.13016,1.13012,1.13012,17
2019.03.25 08:11:00,1.13012,1.13018,1.13012,1.13013,17
2019.03.25 08:10:00,1.13016,1.13016,1.13012,1.13012,3
2019.03.25 08:09:00,1.13024,1.13032,1.13016,1.13016,30
2019.03.25 08:08:00,1.13022,1.13028,1.13018,1.13024,36
2019.03.25 08:07:00,1.13037,1.13037,1.13022,1.13022,19
2019.03.25 08:06:00,1.13033,1.13037,1.13033,1.13037,8
2019.03.25 08:05:00,1.13036,1.13037,1.13033,1.13033,19
2019.03.25 08:04:00,1.13034,1.13037,1.13032,1.13036,13
2019.03.25 08:03:00,1.13021,1.13036,1.13021,1.13034,33
2019.03.25 08:02:00,1.13011,1.13022,1.13011,1.13021,16
2019.03.25 08:01:00,1.13016,1.13016,1.13011,1.13011,9
2019.03.25 08:00:00,1.13028,1.13028,1.1301,1.13016,34
2019.03.25 07:59:00,1.13029,1.1303,1.13028,1.13028,3
2019.03.25 07:58:00,1.13031,1.13034,1.1303,1.1303,11
2019.03.25 07:57:00,1.13028,1.13032,1.13028,1.13031,5
2019.03.25 07:56:00,1.13029,1.1303,1.13028,1.13028,13
2019.03.25 07:55:00,1.13028,1.1303,1.13028,1.1303,9
2019.03.25 07:54:00,1.13033,1.13033,1.13028,1.13028,4
2019.03.25 07:53:00,1.13037,1.13037,1.13033,1.13033,7
2019.03.25 07:52:00,1.13034,1.13039,1.13025,1.13037,37
2019.03.25 07:51:00,1.13032,1.13036,1.13031,1.13034,16
2019.03.25 07:50:00,1.13031,1.13034,1.13031,1.13032,14
2019.03.25 07:49:00,1.13024,1.13032,1.13022,1.13032,24
2019.03.25 07:48:00,1.13017,1.13024,1.13017,1.13024,9
2019.03.25 07:47:00,1.13017,1.1302,1.13016,1.13017,15
2019.03.25 07:46:00,1.13018,1.13023,1.13016,1.13018,6
2019.03.25 07:45:00,1.13019,1.13026,1.13017,1.13018,17
2019.03.25 07:44:00,1.13016,1.1302,1.13016,1.13019,6
2019.03.25 07:43:00,1.13017,1.13017,1.13016,1.13017,7
2019.03.25 07:42:00,1.13013,1.13017,1.13012,1.13017,17
2019.03.25 07:41:00,1.13016,1.13016,1.13012,1.13012,4
2019.03.25 07:40:00,1.1301,1.13016,1.1301,1.13015,11
2019.03.25 07:39:00,1.13019,1.13019,1.1301,1.1301,13
2019.03.25 07:38:00,1.13016,1.1302,1.13014,1.13019,10
2019.03.25 07:37:00,1.13019,1.13019,1.13016,1.13016,6
2019.03.25 07:36:00,1.13019,1.13019,1.13017,1.13019,9
2019.03.25 07:35:00,1.13014,1.13018,1.13012,1.13018,16
2019.03.25 07:34:00,1.1301,1.13015,1.13009,1.13014,11
2019.03.25 07:33:00,1.13005,1.13011,1.13005,1.1301,25
2019.03.25 07:32:00,1.13002,1.13006,1.13002,1.13005,8
2019.03.25 07:31:00,1.13,1.13004,1.13,1.13002,7
2019.03.25 07:30:00,1.12999,1.13001,1.12998,1.13,7
2019.03.25 07:29:00,1.13,1.13,1.12996,1.12999,12
2019.03.25 07:28:00,1.13,1.13001,1.12997,1.13,20
2019.03.25 07:27:00,1.13015,1.13015,1.12999,1.12999,29
2019.03.25 07:26:00,1.13013,1.13019,1.13013,1.13015,26
2019.03.25 07:25:00,1.13022,1.13024,1.13012,1.13013,19
2019.03.25 07:24:00,1.13023,1.13027,1.13019,1.13022,28
2019.03.25 07:23:00,1.13011,1.13023,1.1301,1.13023,10
2019.03.25 07:22:00,1.1301,1.13013,1.13009,1.13011,11
2019.03.25 07:21:00,1.13021,1.13021,1.1301,1.1301,23
2019.03.25 07:20:00,1.13023,1.13023,1.13016,1.13021,10
2019.03.25 07:19:00,1.13019,1.13025,1.13017,1.13023,13
2019.03.25 07:18:00,1.13016,1.13021,1.13016,1.13019,22
2019.03.25 07:17:00,1.13013,1.13016,1.13011,1.13015,26
2019.03.25 07:16:00,1.13012,1.13013,1.13011,1.13013,12
2019.03.25 07:15:00,1.13016,1.13016,1.13011,1.13012,13
2019.03.25 07:14:00,1.13017,1.13024,1.13016,1.13016,25
2019.03.25 07:13:00,1.13031,1.13031,1.13017,1.13018,30
2019.03.25 07:12:00,1.13032,1.13032,1.13031,1.13031,4
2019.03.25 07:11:00,1.13024,1.13032,1.13024,1.13032,32
2019.03.25 07:10:00,1.13032,1.13032,1.1302,1.13024,29
2019.03.25 07:09:00,1.13027,1.13033,1.13027,1.13032,14
2019.03.25 07:08:00,1.13023,1.13028,1.13023,1.13028,46
2019.03.25 07:07:00,1.13023,1.13026,1.13017,1.13024,52
2019.03.25 07:06:00,1.13018,1.13024,1.13018,1.13022,35
2019.03.25 07:05:00,1.13018,1.13021,1.13016,1.13017,37
2019.03.25 07:04:00,1.13003,1.13019,1.13003,1.13019,52
2019.03.25 07:03:00,1.13004,1.13008,1.13003,1.13004,48
2019.03.25 07:02:00,1.13002,1.13003,1.12997,1.13003,17
2019.03.25 07:01:00,1.12992,1.13001,1.12992,1.13001,14
2019.03.25 07:00:00,1.12976,1.12997,1.12976,1.12992,59
2019.03.25 06:59:00,1.1297,1.12977,1.1297,1.12976,11
2019.03.25 06:58:00,1.12965,1.12972,1.12965,1.1297,12
2019.03.25 06:57:00,1.12967,1.12968,1.12965,1.12966,12
2019.03.25 06:56:00,1.12966,1.12967,1.12956,1.12967,39
2019.03.25 06:55:00,1.12989,1.1299,1.12966,1.12966,50
2019.03.25 06:54:00,1.12985,1.1299,1.12983,1.12986,36
2019.03.25 06:53:00,1.12986,1.12989,1.12986,1.12986,10
2019.03.25 06:52:00,1.12989,1.12989,1.12984,1.12986,28
2019.03.25 06:51:00,1.12982,1.12989,1.1298,1.12989,25
2019.03.25 06:50:00,1.12983,1.12983,1.12976,1.12981,26
2019.03.25 06:49:00,1.12986,1.12986,1.1298,1.12983,30
2019.03.25 06:48:00,1.12992,1.12994,1.12985,1.12986,11
2019.03.25 06:47:00,1.12991,1.12994,1.1299,1.12991,8
2019.03.25 06:46:00,1.1299,1.12994,1.1299,1.12991,8
2019.03.25 06:45:00,1.12987,1.12991,1.12987,1.12991,4
2019.03.25 06:44:00,1.12988,1.12988,1.12985,1.12987,10
2019.03.25 06:43:00,1.12992,1.12992,1.12986,1.12988,19
2019.03.25 06:42:00,1.12993,1.12994,1.12992,1.12992,13
2019.03.25 06:41:00,1.12987,1.12993,1.12987,1.12992,7
2019.03.25 06:40:00,1.1299,1.12991,1.12987,1.12987,7
2019.03.25 06:39:00,1.12997,1.12997,1.1299,1.1299,17
2019.03.25 06:38:00,1.12999,1.13001,1.12997,1.12997,13
2019.03.25 06:37:00,1.13001,1.13001,1.12999,1.12999,5
2019.03.25 06:36:00,1.13001,1.13001,1.13001,1.13001,1
2019.03.25 06:35:00,1.13004,1.13004,1.13001,1.13001,2
2019.03.25 06:34:00,1.12998,1.13004,1.12998,1.13004,7
2019.03.25 06:33:00,1.12997,1.12999,1.12996,1.12998,10
2019.03.25 06:32:00,1.12997,1.12997,1.12997,1.12997,1
2019.03.25 06:31:00,1.12999,1.12999,1.12997,1.12998,6
2019.03.25 06:30:00,1.13,1.13001,1.12999,1.12999,6
2019.03.25 06:29:00,1.12998,1.13,1.12997,1.13,13
2019.03.25 06:28:00,1.12997,1.12999,1.12997,1.12998,8
2019.03.25 06:27:00,1.12998,1.13001,1.12994,1.12998,16
2019.03.25 06:26:00,1.12996,1.13002,1.12996,1.12998,12
2019.03.25 06:25:00,1.13002,1.13002,1.12996,1.12996,18
2019.03.25 06:24:00,1.12994,1.13002,1.12993,1.13002,14
2019.03.25 06:23:00,1.12992,1.12996,1.12991,1.12994,15
2019.03.25 06:22:00,1.12996,1.12997,1.12992,1.12993,15
2019.03.25 06:21:00,1.12996,1.13002,1.12995,1.12996,23
2019.03.25 06:20:00,1.12993,1.12999,1.12991,1.12995,27
2019.03.25 06:19:00,1.12991,1.12994,1.12987,1.12994,18
2019.03.25 06:18:00,1.1299,1.12994,1.1299,1.12991,7
2019.03.25 06:17:00,1.12991,1.12992,1.1299,1.1299,14
2019.03.25 06:16:00,1.12991,1.12992,1.1299,1.12991,11
2019.03.25 06:15:00,1.12992,1.12992,1.12991,1.12991,2
2019.03.25 06:14:00,1.12992,1.12995,1.1299,1.12992,10
2019.03.25 06:13:00,1.12991,1.12995,1.12991,1.12992,9
2019.03.25 06:12:00,1.12991,1.12995,1.12991,1.12991,7
2019.03.25 06:11:00,1.12986,1.12991,1.12986,1.12991,17
2019.03.25 06:10:00,1.1299,1.12991,1.12987,1.12987,5
2019.03.25 06:09:00,1.12992,1.12992,1.12988,1.1299,6
2019.03.25 06:08:00,1.1299,1.12992,1.1299,1.12992,3
2019.03.25 06:07:00,1.12986,1.1299,1.12986,1.1299,3
2019.03.25 06:06:00,1.12986,1.12986,1.12986,1.12986,1
2019.03.25 06:05:00,1.12986,1.12986,1.12986,1.12986,1
2019.03.25 06:04:00,1.12976,1.12986,1.12976,1.12986,8
2019.03.25 06:03:00,1.12978,1.12978,1.12976,1.12976,7
2019.03.25 06:02:00,1.12979,1.1298,1.12976,1.12979,12
2019.03.25 06:01:00,1.12981,1.12981,1.12979,1.12981,7
2019.03.25 06:00:00,1.12986,1.12986,1.1298,1.12981,8
2019.03.25 05:59:00,1.12991,1.12991,1.12986,1.12986,13
2019.03.25 05:58:00,1.12996,1.12996,1.1299,1.12991,10
2019.03.25 05:57:00,1.12991,1.12996,1.12991,1.12996,6
2019.03.25 05:56:00,1.12992,1.12993,1.12986,1.12991,20
2019.03.25 05:55:00,1.12992,1.12994,1.12987,1.12991,23
2019.03.25 05:54:00,1.12998,1.12999,1.12992,1.12992,17
2019.03.25 05:53:00,1.12994,1.12998,1.12994,1.12997,6
2019.03.25 05:52:00,1.12989,1.12999,1.12989,1.12994,23
2019.03.25 05:51:00,1.12984,1.12989,1.12984,1.12989,4
2019.03.25 05:50:00,1.12988,1.12988,1.12984,1.12984,7
2019.03.25 05:49:00,1.12974,1.12988,1.12973,1.12988,30
2019.03.25 05:48:00,1.12969,1.12972,1.12969,1.12972,4
2019.03.25 05:47:00,1.12972,1.12972,1.12967,1.12969,10
2019.03.25 05:46:00,1.1297,1.12973,1.1297,1.12972,8
2019.03.25 05:45:00,1.12977,1.12977,1.12966,1.1297,16
2019.03.25 05:44:00,1.12977,1.1298,1.12976,1.12977,7
2019.03.25 05:43:00,1.12976,1.12977,1.12975,1.12977,6
2019.03.25 05:42:00,1.12975,1.12976,1.12971,1.12975,18
2019.03.25 05:41:00,1.12977,1.1298,1.12975,1.12975,14
2019.03.25 05:40:00,1.1298,1.12984,1.12976,1.12977,14
2019.03.25 05:39:00,1.12977,1.12986,1.12977,1.1298,25
2019.03.25 05:38:00,1.12971,1.1298,1.12971,1.12977,16
2019.03.25 05:37:00,1.1297,1.12975,1.1297,1.12971,16
2019.03.25 05:36:00,1.1297,1.12974,1.12967,1.1297,11
2019.03.25 05:35:00,1.12972,1.12976,1.1297,1.1297,25
2019.03.25 05:34:00,1.1297,1.12972,1.12963,1.12972,22
2019.03.25 05:33:00,1.12971,1.12971,1.1297,1.1297,4
2019.03.25 05:32:00,1.12969,1.12972,1.12968,1.12972,9
2019.03.25 05:31:00,1.12968,1.12972,1.12967,1.12968,16
2019.03.25 05:30:00,1.12966,1.12969,1.12965,1.12967,22
2019.03.25 05:29:00,1.12966,1.12968,1.12965,1.12966,12
2019.03.25 05:28:00,1.12966,1.12967,1.12962,1.12966,21
2019.03.25 05:27:00,1.12972,1.12972,1.12962,1.12967,40
2019.03.25 05:26:00,1.12974,1.12974,1.12968,1.12972,16
2019.03.25 05:25:00,1.12978,1.12978,1.12974,1.12974,14
2019.03.25 05:24:00,1.12971,1.12979,1.12971,1.12977,34
2019.03.25 05:23:00,1.12967,1.12971,1.12966,1.12971,15
2019.03.25 05:22:00,1.12967,1.12967,1.12963,1.12967,20
2019.03.25 05:21:00,1.12963,1.12968,1.12956,1.12966,37
2019.03.25 05:20:00,1.12961,1.12964,1.12957,1.12963,28
2019.03.25 05:19:00,1.12951,1.12962,1.12951,1.12961,22
2019.03.25 05:18:00,1.12955,1.12955,1.12951,1.12951,7
2019.03.25 05:17:00,1.12956,1.12956,1.12955,1.12956,3
2019.03.25 05:16:00,1.12957,1.12957,1.12955,1.12956,8
2019.03.25 05:15:00,1.12952,1.12957,1.12948,1.12957,18
2019.03.25 05:14:00,1.12952,1.12952,1.12948,1.12952,15
2019.03.25 05:13:00,1.12951,1.12954,1.12949,1.12952,12
2019.03.25 05:12:00,1.12954,1.12955,1.12951,1.12951,18
2019.03.25 05:11:00,1.12949,1.12955,1.12949,1.12954,9
2019.03.25 05:10:00,1.12957,1.12957,1.12946,1.12949,14
2019.03.25 05:09:00,1.12957,1.12958,1.12955,1.12957,11
2019.03.25 05:08:00,1.12958,1.12958,1.12956,1.12956,10
2019.03.25 05:07:00,1.1296,1.1296,1.12956,1.12959,27
2019.03.25 05:06:00,1.12953,1.1296,1.12952,1.1296,28
2019.03.25 05:05:00,1.12958,1.12958,1.12951,1.12953,27
2019.03.25 05:04:00,1.12953,1.12956,1.12951,1.12955,11
2019.03.25 05:03:00,1.12947,1.12953,1.12945,1.12953,11
2019.03.25 05:02:00,1.1295,1.1295,1.12945,1.12947,16
2019.03.25 05:01:00,1.12951,1.12951,1.12947,1.1295,22
2019.03.25 05:00:00,1.12956,1.12956,1.12951,1.12952,15
2019.03.25 04:59:00,1.12956,1.12959,1.12956,1.12956,7
2019.03.25 04:58:00,1.12952,1.12961,1.12952,1.12956,19
2019.03.25 04:57:00,1.12952,1.12954,1.12951,1.12952,10
2019.03.25 04:56:00,1.12952,1.12953,1.1295,1.12952,9
2019.03.25 04:55:00,1.12954,1.12954,1.12952,1.12952,7
2019.03.25 04:54:00,1.12955,1.12959,1.12954,1.12954,23
2019.03.25 04:53:00,1.12952,1.12956,1.12952,1.12955,17
2019.03.25 04:52:00,1.12952,1.12956,1.12951,1.12952,9
2019.03.25 04:51:00,1.12952,1.12955,1.12951,1.12952,12
2019.03.25 04:50:00,1.12956,1.12956,1.12954,1.12954,2
2019.03.25 04:49:00,1.12952,1.12956,1.12951,1.12956,7
2019.03.25 04:48:00,1.12951,1.12953,1.1295,1.12952,16
2019.03.25 04:47:00,1.12961,1.12961,1.12951,1.12951,25
2019.03.25 04:46:00,1.12961,1.12966,1.1296,1.12961,15
2019.03.25 04:45:00,1.1296,1.12963,1.12956,1.12961,19
2019.03.25 04:44:00,1.1296,1.12962,1.12957,1.1296,18
2019.03.25 04:43:00,1.12966,1.12966,1.12957,1.12959,15
2019.03.25 04:42:00,1.12966,1.12966,1.12962,1.12965,15
2019.03.25 04:41:00,1.1297,1.12973,1.12966,1.12966,21
2019.03.25 04:40:00,1.12968,1.12976,1.12968,1.1297,12
2019.03.25 04:39:00,1.12968,1.1297,1.12968,1.12968,9
2019.03.25 04:38:00,1.12968,1.1297,1.12966,1.12968,13
2019.03.25 04:37:00,1.1297,1.1297,1.12966,1.12968,9
2019.03.25 04:36:00,1.12974,1.12974,1.12966,1.1297,15
2019.03.25 04:35:00,1.12974,1.12976,1.12971,1.12974,19
2019.03.25 04:34:00,1.12966,1.12976,1.12966,1.12974,18
2019.03.25 04:33:00,1.12966,1.1297,1.12966,1.12966,11
2019.03.25 04:32:00,1.12968,1.12974,1.12966,1.12966,15
2019.03.25 04:31:00,1.1297,1.1297,1.12969,1.12969,4
2019.03.25 04:30:00,1.12969,1.1297,1.12964,1.1297,12
2019.03.25 04:29:00,1.12974,1.12974,1.12969,1.12969,10
2019.03.25 04:28:00,1.12986,1.12986,1.12974,1.12974,17
2019.03.25 04:27:00,1.1298,1.12991,1.1298,1.12986,19
2019.03.25 04:26:00,1.1297,1.12981,1.1297,1.1298,18
2019.03.25 04:25:00,1.12969,1.12971,1.12969,1.1297,10
2019.03.25 04:24:00,1.12969,1.12969,1.12969,1.12969,1
2019.03.25 04:23:00,1.12967,1.12969,1.12964,1.12969,11
2019.03.25 04:22:00,1.12959,1.12966,1.12958,1.12966,11
2019.03.25 04:21:00,1.12959,1.12959,1.12956,1.12959,9
2019.03.25 04:20:00,1.12964,1.12964,1.12959,1.12959,8
2019.03.25 04:19:00,1.12969,1.12969,1.12964,1.12964,10
2019.03.25 04:18:00,1.12966,1.1297,1.12966,1.12968,8
2019.03.25 04:17:00,1.1296,1.12968,1.1296,1.12966,24
2019.03.25 04:16:00,1.12954,1.12962,1.12954,1.1296,10
2019.03.25 04:15:00,1.12953,1.12955,1.12953,1.12954,8
2019.03.25 04:14:00,1.12955,1.12955,1.12951,1.12953,7
2019.03.25 04:13:00,1.12954,1.12961,1.12954,1.12955,11
2019.03.25 04:12:00,1.12963,1.12963,1.12953,1.12953,14
2019.03.25 04:11:00,1.12964,1.12964,1.12962,1.12963,5
2019.03.25 04:10:00,1.12978,1.12978,1.12964,1.12964,19
2019.03.25 04:09:00,1.12983,1.12985,1.12978,1.12978,10
2019.03.25 04:08:00,1.1298,1.12983,1.12973,1.12983,25
2019.03.25 04:07:00,1.1298,1.12984,1.12977,1.1298,25
2019.03.25 04:06:00,1.12977,1.12986,1.12977,1.1298,22
2019.03.25 04:05:00,1.1297,1.1298,1.1297,1.12977,44
2019.03.25 04:04:00,1.12965,1.12975,1.12965,1.1297,24
2019.03.25 04:03:00,1.1296,1.12967,1.12958,1.12965,21
2019.03.25 04:02:00,1.12955,1.1296,1.12955,1.12959,13
2019.03.25 04:01:00,1.12951,1.12959,1.12951,1.12955,18
2019.03.25 04:00:00,1.12947,1.12952,1.12947,1.12951,21
2019.03.25 03:59:00,1.12943,1.12947,1.12941,1.12945,15
2019.03.25 03:58:00,1.12939,1.12945,1.12938,1.12943,22
2019.03.25 03:57:00,1.12943,1.12943,1.12937,1.12939,34
2019.03.25 03:56:00,1.12946,1.12947,1.12941,1.12943,16
2019.03.25 03:55:00,1.1294,1.12947,1.1294,1.12946,16
2019.03.25 03:54:00,1.1294,1.1294,1.12937,1.12939,17
2019.03.25 03:53:00,1.12931,1.12942,1.12931,1.1294,27
2019.03.25 03:52:00,1.12933,1.12936,1.12929,1.12931,24
2019.03.25 03:51:00,1.12929,1.12935,1.12928,1.12933,13
2019.03.25 03:50:00,1.12933,1.12933,1.12929,1.12929,12
2019.03.25 03:49:00,1.12931,1.12934,1.1293,1.12933,25
2019.03.25 03:48:00,1.1293,1.1293,1.12927,1.1293,11
2019.03.25 03:47:00,1.12929,1.12932,1.12929,1.1293,11
2019.03.25 03:46:00,1.12933,1.12933,1.12929,1.12929,22
2019.03.25 03:45:00,1.12933,1.12934,1.1293,1.12934,31
2019.03.25 03:44:00,1.12939,1.12944,1.12934,1.12934,20
2019.03.25 03:43:00,1.12939,1.12939,1.12935,1.12938,15
2019.03.25 03:42:00,1.1294,1.1294,1.12932,1.12939,12
2019.03.25 03:41:00,1.12939,1.12945,1.12939,1.1294,21
2019.03.25 03:40:00,1.12934,1.1294,1.12934,1.12939,6
2019.03.25 03:39:00,1.12925,1.12935,1.12925,1.12934,11
2019.03.25 03:38:00,1.12927,1.12927,1.12919,1.12925,18
2019.03.25 03:37:00,1.12924,1.12927,1.12924,1.12925,19
2019.03.25 03:36:00,1.12928,1.12929,1.12924,1.12924,33
2019.03.25 03:35:00,1.12924,1.12928,1.12924,1.12928,5
2019.03.25 03:34:00,1.12924,1.12924,1.12924,1.12924,1
2019.03.25 03:33:00,1.12925,1.1293,1.12925,1.12925,20
2019.03.25 03:32:00,1.12929,1.12931,1.12925,1.12925,16
2019.03.25 03:31:00,1.12945,1.12945,1.12929,1.12929,10
2019.03.25 03:30:00,1.12951,1.12951,1.1294,1.12945,15
2019.03.25 03:29:00,1.12947,1.12952,1.12946,1.12951,14
2019.03.25 03:28:00,1.12946,1.12947,1.12945,1.12947,4
2019.03.25 03:27:00,1.12945,1.12946,1.12945,1.12946,2
2019.03.25 03:26:00,1.1294,1.12947,1.1294,1.12945,17
2019.03.25 03:25:00,1.1294,1.12942,1.12937,1.12941,31
2019.03.25 03:24:00,1.12935,1.1294,1.12934,1.1294,6
2019.03.25 03:23:00,1.12926,1.12937,1.12926,1.12935,26
2019.03.25 03:22:00,1.12923,1.12929,1.12923,1.12926,11
2019.03.25 03:21:00,1.12929,1.12929,1.12922,1.12923,16
2019.03.25 03:20:00,1.1294,1.1294,1.12929,1.12929,20
2019.03.25 03:19:00,1.12934,1.1294,1.12934,1.1294,28
2019.03.25 03:18:00,1.12928,1.12934,1.12928,1.12933,11
2019.03.25 03:17:00,1.12919,1.12928,1.12919,1.12928,10
2019.03.25 03:16:00,1.12919,1.1292,1.12919,1.12919,5
2019.03.25 03:15:00,1.12915,1.1292,1.12914,1.12919,25
2019.03.25 03:14:00,1.12905,1.12916,1.12905,1.12916,27
2019.03.25 03:13:00,1.12903,1.12908,1.12903,1.12905,21
2019.03.25 03:12:00,1.12901,1.12904,1.129,1.12903,15
2019.03.25 03:11:00,1.12901,1.12902,1.12899,1.12901,28
2019.03.25 03:10:00,1.12902,1.12903,1.12899,1.12901,28
2019.03.25 03:09:00,1.12912,1.12912,1.12901,1.12903,37
2019.03.25 03:08:00,1.12902,1.12912,1.12902,1.12912,20
2019.03.25 03:07:00,1.12899,1.12903,1.12899,1.12902,15
2019.03.25 03:06:00,1.12905,1.12909,1.12899,1.12899,21
2019.03.25 03:05:00,1.12908,1.12909,1.12904,1.12905,49
2019.03.25 03:04:00,1.12908,1.1291,1.12905,1.12908,23
2019.03.25 03:03:00,1.12904,1.12913,1.12904,1.12907,35
2019.03.25 03:02:00,1.12909,1.12914,1.12902,1.12904,64
2019.03.25 03:01:00,1.12909,1.12911,1.12905,1.12909,19
2019.03.25 03:00:00,1.12897,1.1292,1.12897,1.1291,55
2019.03.25 02:59:00,1.12896,1.12901,1.12895,1.12895,32
2019.03.25 02:58:00,1.12903,1.12907,1.12888,1.12895,71
2019.03.25 02:57:00,1.12901,1.12907,1.12901,1.12904,16
2019.03.25 02:56:00,1.12905,1.12906,1.129,1.12901,29
2019.03.25 02:55:00,1.12885,1.12906,1.12885,1.12905,41
2019.03.25 02:54:00,1.12921,1.12922,1.12885,1.12886,44
2019.03.25 02:53:00,1.12924,1.12925,1.12917,1.12921,29
2019.03.25 02:52:00,1.12923,1.12925,1.1292,1.12924,14
2019.03.25 02:51:00,1.12924,1.12924,1.1292,1.12923,21
2019.03.25 02:50:00,1.12929,1.12932,1.1292,1.12924,47
2019.03.25 02:49:00,1.1293,1.12933,1.12929,1.1293,15
2019.03.25 02:48:00,1.12934,1.12934,1.12929,1.1293,31
2019.03.25 02:47:00,1.12936,1.12938,1.12933,1.12934,15
2019.03.25 02:46:00,1.12935,1.12936,1.12931,1.12936,9
2019.03.25 02:45:00,1.12931,1.1294,1.12931,1.12935,12
2019.03.25 02:44:00,1.12932,1.12935,1.12931,1.12931,10
2019.03.25 02:43:00,1.12926,1.12934,1.12926,1.12932,23
2019.03.25 02:42:00,1.12922,1.12926,1.12922,1.12926,9
2019.03.25 02:41:00,1.12924,1.12925,1.12921,1.12922,23
2019.03.25 02:40:00,1.12922,1.12925,1.1292,1.12924,22
2019.03.25 02:39:00,1.12927,1.12928,1.12913,1.12922,34
2019.03.25 02:38:00,1.12936,1.12936,1.1292,1.12928,58
2019.03.25 02:37:00,1.12936,1.12938,1.12935,1.12936,12
2019.03.25 02:36:00,1.12941,1.12941,1.12935,1.12936,10
2019.03.25 02:35:00,1.12941,1.12945,1.1294,1.12941,12
2019.03.25 02:34:00,1.12941,1.12942,1.12939,1.12941,9
2019.03.25 02:33:00,1.12941,1.12942,1.1294,1.12941,11
2019.03.25 02:32:00,1.12937,1.12941,1.12936,1.12941,12
2019.03.25 02:31:00,1.12936,1.12941,1.12934,1.12936,17
2019.03.25 02:30:00,1.12925,1.12937,1.12925,1.12937,49
2019.03.25 02:29:00,1.12926,1.12926,1.12921,1.12925,25
2019.03.25 02:28:00,1.1293,1.1293,1.12924,1.12926,12
2019.03.25 02:27:00,1.1293,1.12934,1.12926,1.1293,16
2019.03.25 02:26:00,1.12936,1.12936,1.12929,1.12929,27
2019.03.25 02:25:00,1.12951,1.12951,1.12936,1.12936,22
2019.03.25 02:24:00,1.12952,1.12961,1.12947,1.12951,30
2019.03.25 02:23:00,1.12949,1.12952,1.12942,1.12952,19
2019.03.25 02:22:00,1.12947,1.1295,1.12944,1.12949,14
2019.03.25 02:21:00,1.12941,1.12947,1.12939,1.12947,19
2019.03.25 02:20:00,1.1294,1.12941,1.12937,1.12941,6
2019.03.25 02:19:00,1.12951,1.12951,1.1294,1.1294,12
2019.03.25 02:18:00,1.12956,1.1296,1.12951,1.12951,14
2019.03.25 02:17:00,1.12957,1.12957,1.12956,1.12957,3
2019.03.25 02:16:00,1.12961,1.12962,1.12956,1.12957,12
2019.03.25 02:15:00,1.12957,1.12963,1.12957,1.12961,8
2019.03.25 02:14:00,1.12953,1.12957,1.12953,1.12957,4
2019.03.25 02:13:00,1.12959,1.12961,1.12952,1.12953,9
2019.03.25 02:12:00,1.12953,1.12962,1.12951,1.12959,17
2019.03.25 02:11:00,1.12936,1.12953,1.12936,1.12953,29
2019.03.25 02:10:00,1.12932,1.12936,1.1293,1.12936,12
2019.03.25 02:09:00,1.12918,1.12931,1.12915,1.12931,24
2019.03.25 02:08:00,1.12921,1.12921,1.12918,1.12918,4
2019.03.25 02:07:00,1.12923,1.12926,1.12921,1.12921,13
2019.03.25 02:06:00,1.12922,1.12927,1.12921,1.12923,26
2019.03.25 02:05:00,1.12915,1.12926,1.12915,1.12922,33
2019.03.25 02:04:00,1.12921,1.12921,1.12913,1.12915,16
2019.03.25 02:03:00,1.12931,1.12931,1.12921,1.12921,20
2019.03.25 02:02:00,1.12931,1.12936,1.12931,1.12931,28
2019.03.25 02:01:00,1.12941,1.12942,1.12931,1.12931,24
2019.03.25 02:00:00,1.12952,1.12953,1.12941,1.12941,11
2019.03.25 01:59:00,1.1295,1.12954,1.1295,1.12952,10
2019.03.25 01:58:00,1.12951,1.12954,1.1295,1.1295,10
2019.03.25 01:57:00,1.12953,1.12954,1.1295,1.12951,12
2019.03.25 01:56:00,1.12951,1.12954,1.1295,1.12954,25
2019.03.25 01:55:00,1.1296,1.12961,1.1295,1.1295,15
2019.03.25 01:54:00,1.1296,1.1296,1.1296,1.1296,1
2019.03.25 01:53:00,1.12959,1.1296,1.12958,1.1296,10
2019.03.25 01:52:00,1.12961,1.12961,1.12959,1.12959,5
2019.03.25 01:51:00,1.12967,1.12973,1.1296,1.12961,28
2019.03.25 01:50:00,1.12961,1.12967,1.12961,1.12967,27
2019.03.25 01:49:00,1.12961,1.12962,1.12961,1.12962,10
2019.03.25 01:48:00,1.1296,1.12963,1.12958,1.12961,14
2019.03.25 01:47:00,1.1296,1.12961,1.12959,1.1296,7
2019.03.25 01:46:00,1.1296,1.12964,1.1296,1.1296,11
2019.03.25 01:45:00,1.12961,1.12961,1.1296,1.1296,4
2019.03.25 01:44:00,1.1296,1.12961,1.1296,1.12961,2
2019.03.25 01:43:00,1.1296,1.12961,1.12957,1.1296,12
2019.03.25 01:42:00,1.12967,1.12967,1.12959,1.1296,29
2019.03.25 01:41:00,1.1297,1.1297,1.12966,1.12967,8
2019.03.25 01:40:00,1.1297,1.1297,1.1297,1.1297,1
2019.03.25 01:39:00,1.12978,1.12978,1.1297,1.1297,9
2019.03.25 01:38:00,1.12979,1.12979,1.12978,1.12978,4
2019.03.25 01:37:00,1.12976,1.12979,1.12974,1.12979,10
2019.03.25 01:36:00,1.12973,1.12976,1.12973,1.12976,3
2019.03.25 01:35:00,1.12963,1.12973,1.12963,1.12973,8
2019.03.25 01:34:00,1.12957,1.12963,1.12957,1.12963,2
2019.03.25 01:33:00,1.12951,1.12956,1.12951,1.12956,6
2019.03.25 01:32:00,1.12951,1.12952,1.12951,1.12952,4
2019.03.25 01:31:00,1.1295,1.12951,1.1295,1.12951,4
2019.03.25 01:30:00,1.1295,1.12951,1.12949,1.1295,5
2019.03.25 01:29:00,1.12955,1.12955,1.1295,1.1295,6
2019.03.25 01:28:00,1.12956,1.12956,1.12954,1.12955,7
2019.03.25 01:27:00,1.12963,1.12963,1.12956,1.12956,7
2019.03.25 01:26:00,1.12962,1.12965,1.12962,1.12963,4
2019.03.25 01:25:00,1.12969,1.12969,1.12961,1.12962,5
2019.03.25 01:24:00,1.12968,1.1297,1.12968,1.12969,3
2019.03.25 01:23:00,1.12972,1.12972,1.12968,1.12968,7
2019.03.25 01:22:00,1.12976,1.12976,1.12972,1.12972,3
2019.03.25 01:21:00,1.12973,1.12973,1.12973,1.12973,1
2019.03.25 01:20:00,1.12973,1.12973,1.12973,1.12973,1
2019.03.25 01:19:00,1.12961,1.12973,1.1296,1.12973,13
2019.03.25 01:18:00,1.12964,1.12965,1.1296,1.1296,5
2019.03.25 01:17:00,1.12964,1.12966,1.12964,1.12964,10
2019.03.25 01:16:00,1.1295,1.12965,1.1295,1.12965,20
2019.03.25 01:15:00,1.12949,1.1295,1.12949,1.1295,10
2019.03.25 01:14:00,1.1295,1.1295,1.12947,1.12949,5
2019.03.25 01:13:00,1.1295,1.1295,1.1295,1.1295,1
2019.03.25 01:12:00,1.12951,1.12951,1.1295,1.1295,2
2019.03.25 01:11:00,1.12948,1.1295,1.12948,1.1295,3
2019.03.25 01:10:00,1.1295,1.1295,1.12947,1.12948,7
2019.03.25 01:09:00,1.1295,1.1295,1.12949,1.1295,3
2019.03.25 01:08:00,1.1295,1.1295,1.12949,1.1295,5
2019.03.25 01:07:00,1.12949,1.1295,1.12949,1.1295,8
2019.03.25 01:06:00,1.12947,1.1295,1.12944,1.12949,12
2019.03.25 01:05:00,1.1295,1.1295,1.12947,1.12947,4
2019.03.25 01:04:00,1.12949,1.12951,1.12949,1.12951,5
2019.03.25 01:03:00,1.12952,1.12952,1.12949,1.12949,4
2019.03.25 01:02:00,1.12952,1.12953,1.12952,1.12952,3
2019.03.25 01:01:00,1.12952,1.12952,1.12952,1.12952,1
2019.03.25 01:00:00,1.12952,1.12954,1.12948,1.12952,12
2019.03.25 00:59:00,1.12951,1.12955,1.12951,1.12952,7
2019.03.25 00:58:00,1.12967,1.12967,1.12948,1.12951,15
2019.03.25 00:57:00,1.12974,1.12974,1.12967,1.12967,7
2019.03.25 00:56:00,1.12975,1.12975,1.1297,1.12974,6
2019.03.25 00:55:00,1.12974,1.12974,1.12967,1.1297,6
2019.03.25 00:54:00,1.12971,1.12974,1.12971,1.12974,2
2019.03.25 00:53:00,1.12976,1.12976,1.12969,1.1297,7
2019.03.25 00:52:00,1.12976,1.12981,1.12976,1.12976,8
2019.03.25 00:51:00,1.12967,1.12975,1.12967,1.12975,7
2019.03.25 00:50:00,1.12956,1.12968,1.12956,1.12967,8
2019.03.25 00:49:00,1.12953,1.12956,1.1295,1.12956,10
2019.03.25 00:48:00,1.12955,1.12958,1.12953,1.12953,9
2019.03.25 00:47:00,1.12955,1.12956,1.12955,1.12955,3
2019.03.25 00:46:00,1.12951,1.12956,1.1295,1.12956,5
2019.03.25 00:45:00,1.12945,1.12951,1.12944,1.12951,8
2019.03.25 00:44:00,1.12944,1.12946,1.12944,1.12945,5
2019.03.25 00:43:00,1.12944,1.12945,1.12944,1.12945,6
2019.03.25 00:42:00,1.12944,1.12944,1.1294,1.12943,5
2019.03.25 00:41:00,1.12949,1.12949,1.12945,1.12945,5
2019.03.25 00:40:00,1.12935,1.12956,1.12935,1.12949,15
2019.03.25 00:39:00,1.12935,1.12936,1.12935,1.12935,7
2019.03.25 00:38:00,1.12939,1.12944,1.12934,1.12934,14
2019.03.25 00:37:00,1.12939,1.12939,1.12938,1.12939,3
2019.03.25 00:36:00,1.12943,1.12943,1.12939,1.12939,3
2019.03.25 00:35:00,1.12945,1.12949,1.12943,1.12943,6
2019.03.25 00:34:00,1.12953,1.12953,1.12945,1.12945,7
2019.03.25 00:33:00,1.12959,1.12959,1.12954,1.12954,6
2019.03.25 00:32:00,1.12959,1.12959,1.12958,1.12958,6
2019.03.25 00:31:00,1.12955,1.12959,1.12952,1.12959,10
2019.03.25 00:30:00,1.12962,1.12963,1.12956,1.12956,7
2019.03.25 00:29:00,1.12964,1.12965,1.12959,1.12962,8
2019.03.25 00:28:00,1.12965,1.12965,1.12964,1.12964,2
2019.03.25 00:27:00,1.12962,1.12968,1.12962,1.12965,14
2019.03.25 00:26:00,1.12975,1.12975,1.12963,1.12963,15
2019.03.25 00:25:00,1.12976,1.12977,1.12974,1.12976,10
2019.03.25 00:24:00,1.12974,1.12976,1.1297,1.12976,8
2019.03.25 00:23:00,1.12974,1.12975,1.12974,1.12974,3
2019.03.25 00:22:00,1.12974,1.12975,1.12973,1.12974,4
2019.03.25 00:21:00,1.12973,1.12974,1.12972,1.12974,10
2019.03.25 00:20:00,1.12974,1.12974,1.12973,1.12973,2
2019.03.25 00:19:00,1.12974,1.12975,1.12973,1.12974,12
2019.03.25 00:18:00,1.1297,1.12975,1.1297,1.12974,8
2019.03.25 00:17:00,1.12966,1.1297,1.12964,1.1297,8
2019.03.25 00:16:00,1.12968,1.1297,1.12965,1.12965,9
2019.03.25 00:15:00,1.12972,1.12973,1.12966,1.12968,9
2019.03.25 00:14:00,1.12977,1.12977,1.12969,1.12972,19
2019.03.25 00:13:00,1.12978,1.12982,1.12977,1.12978,29
2019.03.25 00:12:00,1.12972,1.12982,1.12972,1.12978,40
2019.03.25 00:11:00,1.12969,1.12979,1.12969,1.12971,34
2019.03.25 00:10:00,1.12976,1.12983,1.12966,1.12969,22
2019.03.25 00:09:00,1.12979,1.12981,1.12974,1.12976,15
2019.03.25 00:08:00,1.1297,1.12979,1.1297,1.12979,14
2019.03.25 00:07:00,1.12972,1.12974,1.12971,1.12971,6
2019.03.25 00:06:00,1.12971,1.12972,1.12967,1.12972,13
2019.03.25 00:05:00,1.12975,1.12976,1.12972,1.12973,10
2019.03.25 00:04:00,1.12974,1.12985,1.12974,1.12975,23
2019.03.25 00:03:00,1.12971,1.12974,1.12969,1.12974,18
2019.03.25 00:02:00,1.12973,1.12973,1.12967,1.12968,15
2019.03.25 00:01:00,1.12963,1.12978,1.12962,1.12972,42
2019.03.25 00:00:00,1.12934,1.12971,1.12932,1.12962,43
2019.03.22 22:57:00,1.12997,1.13006,1.12992,1.13006,19
2019.03.22 22:56:00,1.12997,1.13002,1.12997,1.12997,15
2019.03.22 22:55:00,1.12997,1.12998,1.12991,1.12998,32
2019.03.22 22:54:00,1.13002,1.13006,1.12992,1.12997,67
2019.03.22 22:53:00,1.12998,1.13006,1.12997,1.13002,46
2019.03.22 22:52:00,1.12988,1.13014,1.12988,1.12999,44
2019.03.22 22:51:00,1.12982,1.12995,1.12982,1.12987,23
2019.03.22 22:50:00,1.12986,1.12987,1.12982,1.12982,28
2019.03.22 22:49:00,1.12984,1.12989,1.12984,1.12985,56
2019.03.22 22:48:00,1.12981,1.12985,1.12975,1.12984,55
2019.03.22 22:47:00,1.1298,1.12983,1.1298,1.1298,34
2019.03.22 22:46:00,1.12979,1.12984,1.12979,1.1298,25
2019.03.22 22:45:00,1.12976,1.1298,1.12976,1.12979,74
2019.03.22 22:44:00,1.1297,1.12978,1.1297,1.12976,39
2019.03.22 22:43:00,1.1297,1.1297,1.12969,1.1297,3
2019.03.22 22:42:00,1.12968,1.1297,1.12964,1.1297,11
2019.03.22 22:41:00,1.12961,1.12969,1.1296,1.12968,7
2019.03.22 22:40:00,1.12963,1.12966,1.12959,1.12961,29
2019.03.22 22:39:00,1.12959,1.12963,1.12955,1.12963,21
2019.03.22 22:38:00,1.12959,1.1296,1.12959,1.12959,5
2019.03.22 22:37:00,1.12958,1.12961,1.12955,1.12959,14
2019.03.22 22:36:00,1.12949,1.12958,1.12949,1.12958,11
2019.03.22 22:35:00,1.12958,1.12958,1.12949,1.12949,13
2019.03.22 22:34:00,1.12957,1.12959,1.12954,1.12958,21
2019.03.22 22:33:00,1.12959,1.12959,1.12955,1.12959,14
2019.03.22 22:32:00,1.12961,1.1297,1.12959,1.12959,14
2019.03.22 22:31:00,1.12966,1.1297,1.1296,1.1296,13
2019.03.22 22:30:00,1.12966,1.12971,1.12965,1.12965,12
2019.03.22 22:29:00,1.12971,1.12974,1.12966,1.12966,14
2019.03.22 22:28:00,1.1297,1.12973,1.1297,1.12971,4
2019.03.22 22:27:00,1.12971,1.12972,1.12968,1.1297,11
2019.03.22 22:26:00,1.12974,1.12974,1.12971,1.12971,10
2019.03.22 22:25:00,1.12971,1.12975,1.12971,1.12974,14
2019.03.22 22:24:00,1.12981,1.12982,1.12971,1.12971,11
2019.03.22 22:23:00,1.12984,1.12986,1.12981,1.12981,16
2019.03.22 22:22:00,1.12975,1.12984,1.12975,1.12984,9
2019.03.22 22:21:00,1.1296,1.12975,1.12959,1.12975,29
2019.03.22 22:20:00,1.12958,1.1296,1.12951,1.1296,12
2019.03.22 22:19:00,1.12952,1.12958,1.12948,1.12958,25
2019.03.22 22:18:00,1.12948,1.12951,1.12948,1.12949,12
2019.03.22 22:17:00,1.12947,1.12951,1.12943,1.12948,18
2019.03.22 22:16:00,1.12942,1.12948,1.12938,1.12948,19
2019.03.22 22:15:00,1.12942,1.12943,1.12934,1.12941,34
2019.03.22 22:14:00,1.12949,1.12949,1.12942,1.12943,22
2019.03.22 22:13:00,1.12948,1.12948,1.12943,1.12948,12
2019.03.22 22:12:00,1.12944,1.12948,1.12944,1.12948,6
2019.03.22 22:11:00,1.12944,1.12948,1.12943,1.12944,11
2019.03.22 22:10:00,1.12944,1.12946,1.12942,1.12944,9
2019.03.22 22:09:00,1.12944,1.12945,1.12944,1.12944,3
2019.03.22 22:08:00,1.12943,1.12948,1.12943,1.12944,13
2019.03.22 22:07:00,1.12949,1.12953,1.12942,1.12943,17
2019.03.22 22:06:00,1.12953,1.12954,1.12948,1.12949,9
2019.03.22 22:05:00,1.12957,1.12957,1.12948,1.12953,16
2019.03.22 22:04:00,1.12957,1.12967,1.12956,1.12957,29
2019.03.22 22:03:00,1.12973,1.12973,1.12955,1.12957,39
2019.03.22 22:02:00,1.12994,1.12997,1.12972,1.12973,46
2019.03.22 22:01:00,1.12979,1.12997,1.12972,1.12994,56
2019.03.22 22:00:00,1.12971,1.12984,1.12968,1.12979,62
2019.03.22 21:59:00,1.12977,1.12988,1.12972,1.12972,49
2019.03.22 21:58:00,1.12991,1.12993,1.12976,1.12976,52
2019.03.22 21:57:00,1.13003,1.13003,1.12986,1.12991,39
2019.03.22 21:56:00,1.12998,1.13009,1.12997,1.13003,25
2019.03.22 21:55:00,1.1298,1.12998,1.12979,1.12998,34
2019.03.22 21:54:00,1.12976,1.12984,1.12976,1.1298,16
2019.03.22 21:53:00,1.1297,1.12976,1.12969,1.12976,29
2019.03.22 21:52:00,1.12974,1.12976,1.1297,1.12971,36
2019.03.22 21:51:00,1.12973,1.12975,1.12969,1.12974,17
2019.03.22 21:50:00,1.12979,1.12979,1.1297,1.12973,33
2019.03.22 21:49:00,1.12965,1.12983,1.12965,1.12979,39
2019.03.22 21:48:00,1.12968,1.1297,1.12965,1.12966,17
2019.03.22 21:47:00,1.12973,1.12974,1.12959,1.12968,40
2019.03.22 21:46:00,1.12994,1.12994,1.12973,1.12973,54
2019.03.22 21:45:00,1.12981,1.12994,1.12975,1.12994,56
2019.03.22 21:44:00,1.12973,1.12981,1.12973,1.12981,21
2019.03.22 21:43:00,1.12971,1.12981,1.1297,1.12973,23
2019.03.22 21:42:00,1.12983,1.12983,1.12967,1.12971,28
2019.03.22 21:41:00,1.12992,1.12992,1.12979,1.12983,26
2019.03.22 21:40:00,1.12991,1.12994,1.12988,1.12992,36
2019.03.22 21:39:00,1.12988,1.12994,1.12988,1.12991,12
2019.03.22 21:38:00,1.12984,1.12991,1.12981,1.12988,38
2019.03.22 21:37:00,1.12988,1.12989,1.12982,1.12983,42
2019.03.22 21:36:00,1.12979,1.12995,1.12978,1.1299,72
2019.03.22 21:35:00,1.12994,1.12995,1.12978,1.12979,38
2019.03.22 21:34:00,1.12993,1.12996,1.12989,1.12994,29
2019.03.22 21:33:00,1.12999,1.12999,1.1299,1.12993,15
2019.03.22 21:32:00,1.13005,1.13008,1.12998,1.12999,25
2019.03.22 21:31:00,1.13006,1.13009,1.13,1.13006,32
2019.03.22 21:30:00,1.13001,1.13008,1.13001,1.13006,13
2019.03.22 21:29:00,1.13003,1.13009,1.13001,1.13001,30
2019.03.22 21:28:00,1.12999,1.13004,1.12999,1.13004,14
2019.03.22 21:27:00,1.13,1.13006,1.12998,1.13,27
2019.03.22 21:26:00,1.12993,1.13004,1.12993,1.13,31
2019.03.22 21:25:00,1.1299,1.12996,1.12985,1.12993,32
2019.03.22 21:24:00,1.12993,1.13003,1.1299,1.12995,44
2019.03.22 21:23:00,1.12989,1.12995,1.12986,1.12993,26
2019.03.22 21:22:00,1.1298,1.1299,1.12975,1.12989,40
2019.03.22 21:21:00,1.12975,1.12982,1.12974,1.12979,21
2019.03.22 21:20:00,1.12982,1.12982,1.1297,1.12975,30
2019.03.22 21:19:00,1.12984,1.12984,1.12975,1.12982,30
2019.03.22 21:18:00,1.12974,1.12984,1.12974,1.12984,10
2019.03.22 21:17:00,1.12973,1.12978,1.12971,1.12975,24
2019.03.22 21:16:00,1.12978,1.12978,1.12973,1.12974,12
2019.03.22 21:15:00,1.12969,1.12981,1.12969,1.12979,14
2019.03.22 21:14:00,1.12984,1.12984,1.12968,1.12969,38
2019.03.22 21:13:00,1.1299,1.12993,1.12982,1.12983,27
2019.03.22 21:12:00,1.1299,1.12996,1.12983,1.1299,29
2019.03.22 21:11:00,1.12974,1.12991,1.12974,1.1299,29
2019.03.22 21:10:00,1.12979,1.1298,1.12972,1.12974,19
2019.03.22 21:09:00,1.1298,1.12981,1.12979,1.12979,14
2019.03.22 21:08:00,1.1298,1.1298,1.12976,1.1298,5
2019.03.22 21:07:00,1.12976,1.12981,1.12976,1.1298,20
2019.03.22 21:06:00,1.12975,1.12975,1.12968,1.12975,16
2019.03.22 21:05:00,1.12959,1.12976,1.12958,1.12975,30
2019.03.22 21:04:00,1.1296,1.12962,1.12955,1.12959,18
2019.03.22 21:03:00,1.12951,1.12961,1.12951,1.1296,19
2019.03.22 21:02:00,1.12954,1.12954,1.12949,1.1295,10
2019.03.22 21:01:00,1.12953,1.12958,1.12948,1.12954,26
2019.03.22 21:00:00,1.12934,1.12959,1.12927,1.12951,70
2019.03.22 20:59:00,1.12938,1.12942,1.12923,1.12934,83
2019.03.22 20:58:00,1.12953,1.12953,1.12937,1.12938,35
2019.03.22 20:57:00,1.12944,1.12954,1.12944,1.12952,24
2019.03.22 20:56:00,1.12948,1.12948,1.12941,1.12944,14
2019.03.22 20:55:00,1.1294,1.12956,1.1294,1.12948,29
2019.03.22 20:54:00,1.12944,1.12946,1.1294,1.1294,9
2019.03.22 20:53:00,1.1294,1.12944,1.1294,1.12944,8
2019.03.22 20:52:00,1.12935,1.1294,1.12931,1.1294,24
2019.03.22 20:51:00,1.12925,1.12935,1.12925,1.12935,19
2019.03.22 20:50:00,1.12924,1.12935,1.12924,1.12925,23
2019.03.22 20:49:00,1.12921,1.12925,1.12921,1.12924,12
2019.03.22 20:48:00,1.12922,1.12925,1.12915,1.12921,21
2019.03.22 20:47:00,1.12918,1.12922,1.12918,1.12922,6
2019.03.22 20:46:00,1.12911,1.12918,1.12911,1.12918,8
2019.03.22 20:45:00,1.12913,1.12924,1.12911,1.12911,19
2019.03.22 20:44:00,1.12909,1.12913,1.12908,1.12913,19
2019.03.22 20:43:00,1.12898,1.1291,1.12898,1.12908,13
2019.03.22 20:42:00,1.12891,1.12902,1.12891,1.12898,13
2019.03.22 20:41:00,1.12892,1.129,1.1289,1.12891,17
2019.03.22 20:40:00,1.12902,1.12902,1.12892,1.12892,10
2019.03.22 20:39:00,1.12913,1.12913,1.12902,1.12902,21
2019.03.22 20:38:00,1.12913,1.12914,1.12905,1.12913,37
2019.03.22 20:37:00,1.12893,1.12914,1.12893,1.12913,48
2019.03.22 20:36:00,1.12878,1.12896,1.12877,1.12896,38
2019.03.22 20:35:00,1.12878,1.12878,1.12872,1.12877,21
2019.03.22 20:34:00,1.1287,1.12878,1.12869,1.12878,28
2019.03.22 20:33:00,1.12861,1.12872,1.12858,1.1287,39
2019.03.22 20:32:00,1.12873,1.12873,1.12856,1.12857,30
2019.03.22 20:31:00,1.12866,1.12878,1.12866,1.12874,15
2019.03.22 20:30:00,1.12862,1.12872,1.1286,1.12866,25
2019.03.22 20:29:00,1.1285,1.12861,1.12848,1.12861,35
2019.03.22 20:28:00,1.12852,1.12856,1.12848,1.12851,33
2019.03.22 20:27:00,1.12838,1.12852,1.12838,1.12852,19
2019.03.22 20:26:00,1.12858,1.12858,1.12838,1.12838,24
2019.03.22 20:25:00,1.12854,1.12858,1.12848,1.12858,17
2019.03.22 20:24:00,1.12848,1.12854,1.12843,1.12854,25
2019.03.22 20:23:00,1.12841,1.12849,1.12831,1.12849,46
2019.03.22 20:22:00,1.1284,1.12844,1.12837,1.12841,35
2019.03.22 20:21:00,1.12847,1.12848,1.12836,1.12838,26
2019.03.22 20:20:00,1.12855,1.12859,1.12847,1.12847,42
2019.03.22 20:19:00,1.12854,1.12859,1.12852,1.12857,36
2019.03.22 20:18:00,1.12842,1.12853,1.12842,1.12853,29
2019.03.22 20:17:00,1.12838,1.12846,1.12838,1.12842,29
2019.03.22 20:16:00,1.1285,1.12852,1.12833,1.12838,60
2019.03.22 20:15:00,1.1284,1.12854,1.12833,1.12851,31
2019.03.22 20:14:00,1.12838,1.1284,1.12837,1.1284,27
2019.03.22 20:13:00,1.12851,1.12852,1.12838,1.12838,53
2019.03.22 20:12:00,1.12844,1.12861,1.12844,1.12852,43
2019.03.22 20:11:00,1.1284,1.12845,1.12838,1.12842,24
2019.03.22 20:10:00,1.12855,1.12855,1.12839,1.12842,26
2019.03.22 20:09:00,1.12852,1.12858,1.12848,1.12856,27
2019.03.22 20:08:00,1.12882,1.12882,1.12845,1.12851,74
2019.03.22 20:07:00,1.12888,1.1289,1.12881,1.12881,33
2019.03.22 20:06:00,1.12891,1.12891,1.12887,1.12888,23
2019.03.22 20:05:00,1.12887,1.12891,1.12877,1.12891,38
2019.03.22 20:04:00,1.1289,1.12891,1.1288,1.1289,23
2019.03.22 20:03:00,1.12911,1.12913,1.12882,1.1289,48
2019.03.22 20:02:00,1.12936,1.12936,1.12909,1.12911,41
2019.03.22 20:01:00,1.12941,1.12941,1.12932,1.12936,40
2019.03.22 20:00:00,1.12961,1.12964,1.12937,1.12941,76
2019.03.22 19:59:00,1.12967,1.12971,1.12957,1.12961,72
2019.03.22 19:58:00,1.12949,1.12967,1.12948,1.12966,28
2019.03.22 19:57:00,1.12957,1.12958,1.12947,1.12949,77
2019.03.22 19:56:00,1.12952,1.12963,1.12952,1.12957,38
2019.03.22 19:55:00,1.12944,1.12956,1.12944,1.12952,22
2019.03.22 19:54:00,1.12928,1.12941,1.12922,1.12941,33
2019.03.22 19:53:00,1.12942,1.12942,1.12928,1.12928,18
2019.03.22 19:52:00,1.12952,1.12952,1.12937,1.12942,34
2019.03.22 19:51:00,1.12943,1.12949,1.12943,1.12948,30
2019.03.22 19:50:00,1.12932,1.12948,1.12927,1.12944,35
2019.03.22 19:49:00,1.12929,1.12933,1.12926,1.12931,29
2019.03.22 19:48:00,1.12928,1.12932,1.12923,1.1293,31
2019.03.22 19:47:00,1.12917,1.12929,1.12914,1.12927,32
2019.03.22 19:46:00,1.12911,1.12919,1.12911,1.12917,30
2019.03.22 19:45:00,1.1291,1.12914,1.12896,1.12911,41
2019.03.22 19:44:00,1.12922,1.12926,1.1291,1.12911,30
2019.03.22 19:43:00,1.12924,1.12925,1.12917,1.12921,29
2019.03.22 19:42:00,1.12926,1.12929,1.12921,1.12924,34
2019.03.22 19:41:00,1.12918,1.12927,1.12917,1.12926,76
2019.03.22 19:40:00,1.12915,1.12919,1.12913,1.12918,61
2019.03.22 19:39:00,1.12903,1.12915,1.12901,1.12915,53
2019.03.22 19:38:00,1.12908,1.12912,1.12897,1.12902,58
2019.03.22 19:37:00,1.12908,1.12914,1.12906,1.12908,27
2019.03.22 19:36:00,1.12906,1.12908,1.12895,1.12908,39
2019.03.22 19:35:00,1.12907,1.1291,1.12896,1.12906,46
2019.03.22 19:34:00,1.12897,1.12907,1.12896,1.12907,35
2019.03.22 19:33:00,1.12913,1.12913,1.12896,1.12897,72
2019.03.22 19:32:00,1.12899,1.12913,1.12896,1.12913,78
2019.03.22 19:31:00,1.12882,1.12909,1.12879,1.12899,76
2019.03.22 19:30:00,1.12878,1.12882,1.12878,1.12882,29
2019.03.22 19:29:00,1.12872,1.12882,1.12867,1.12878,38
2019.03.22 19:28:00,1.12871,1.12872,1.12866,1.12872,27
2019.03.22 19:27:00,1.12868,1.12876,1.12868,1.12871,23
2019.03.22 19:26:00,1.12868,1.12874,1.12867,1.12868,25
2019.03.22 19:25:00,1.12873,1.12874,1.12866,1.12868,21
2019.03.22 19:24:00,1.12872,1.12873,1.12867,1.12873,39
2019.03.22 19:23:00,1.12852,1.12873,1.12852,1.12872,38
2019.03.22 19:22:00,1.12842,1.12854,1.12841,1.12851,41
2019.03.22 19:21:00,1.12837,1.12843,1.12837,1.12842,32
2019.03.22 19:20:00,1.12842,1.12843,1.12837,1.12837,18
2019.03.22 19:19:00,1.12842,1.12845,1.12837,1.12842,47
2019.03.22 19:18:00,1.12825,1.12842,1.12825,1.12842,69
2019.03.22 19:17:00,1.12846,1.12846,1.12822,1.12825,50
2019.03.22 19:16:00,1.12848,1.12858,1.12845,1.12846,39
2019.03.22 19:15:00,1.12851,1.12851,1.12841,1.12848,33
2019.03.22 19:14:00,1.12856,1.12862,1.12852,1.12854,52
2019.03.22 19:13:00,1.12861,1.12863,1.12856,1.12856,35
2019.03.22 19:12:00,1.12869,1.12881,1.12861,1.12862,45
2019.03.22 19:11:00,1.12869,1.12875,1.12866,1.12868,33
2019.03.22 19:10:00,1.1287,1.12877,1.12864,1.12868,33
2019.03.22 19:09:00,1.12866,1.12872,1.12864,1.1287,35
2019.03.22 19:08:00,1.12881,1.12885,1.12866,1.12866,46
2019.03.22 19:07:00,1.12874,1.12883,1.12874,1.1288,53
2019.03.22 19:06:00,1.12886,1.12887,1.12874,1.12874,60
2019.03.22 19:05:00,1.12877,1.12887,1.12875,1.12887,53
2019.03.22 19:04:00,1.12862,1.12877,1.12858,1.12877,45
2019.03.22 19:03:00,1.1285,1.12863,1.12849,1.12862,53
2019.03.22 19:02:00,1.12847,1.12853,1.12838,1.1285,62
2019.03.22 19:01:00,1.12828,1.1285,1.12817,1.12847,75
2019.03.22 19:00:00,1.12837,1.12838,1.12826,1.12828,44
2019.03.22 18:59:00,1.12856,1.12862,1.12827,1.12837,69
2019.03.22 18:58:00,1.12873,1.12873,1.12856,1.12856,48
2019.03.22 18:57:00,1.12857,1.12876,1.12855,1.12873,67
2019.03.22 18:56:00,1.12862,1.12865,1.1285,1.12857,67
2019.03.22 18:55:00,1.12865,1.12881,1.12861,1.12862,65
2019.03.22 18:54:00,1.12875,1.12883,1.12866,1.12866,57
2019.03.22 18:53:00,1.12858,1.12875,1.12857,1.12874,59
2019.03.22 18:52:00,1.12849,1.12861,1.12841,1.12857,52
2019.03.22 18:51:00,1.12858,1.12868,1.12847,1.12849,59
2019.03.22 18:50:00,1.12867,1.12873,1.12857,1.12858,39
2019.03.22 18:49:00,1.12861,1.12869,1.12858,1.12868,41
2019.03.22 18:48:00,1.12858,1.12863,1.12848,1.1286,45
2019.03.22 18:47:00,1.12862,1.12868,1.12845,1.12858,79
2019.03.22 18:46:00,1.12862,1.12877,1.12857,1.12862,86
2019.03.22 18:45:00,1.12887,1.12887,1.12858,1.12861,74
2019.03.22 18:44:00,1.12895,1.12895,1.12877,1.12887,54
2019.03.22 18:43:00,1.12877,1.129,1.12876,1.12895,95
2019.03.22 18:42:00,1.12888,1.12899,1.12875,1.12876,68
2019.03.22 18:41:00,1.12897,1.12899,1.12876,1.12888,60
2019.03.22 18:40:00,1.12901,1.12907,1.12896,1.12897,53
2019.03.22 18:39:00,1.12897,1.12901,1.12876,1.12901,105
2019.03.22 18:38:00,1.129,1.12907,1.12897,1.12898,75
2019.03.22 18:37:00,1.12896,1.12908,1.12895,1.12898,56
2019.03.22 18:36:00,1.12902,1.12904,1.1289,1.12895,62
2019.03.22 18:35:00,1.12916,1.12918,1.12902,1.12903,44
2019.03.22 18:34:00,1.12906,1.12921,1.12902,1.12916,81
2019.03.22 18:33:00,1.12917,1.12918,1.12903,1.12906,72
2019.03.22 18:32:00,1.12918,1.12925,1.12912,1.12915,60
2019.03.22 18:31:00,1.12928,1.12934,1.12917,1.12917,79
2019.03.22 18:30:00,1.12938,1.12947,1.12928,1.12929,126
2019.03.22 18:29:00,1.12928,1.12938,1.12918,1.12937,88
2019.03.22 18:28:00,1.12916,1.12928,1.12911,1.12928,99
2019.03.22 18:27:00,1.12918,1.12919,1.12901,1.12914,78
2019.03.22 18:26:00,1.12917,1.12924,1.12913,1.12918,72
2019.03.22 18:25:00,1.12896,1.12917,1.12896,1.12917,74
2019.03.22 18:24:00,1.12913,1.12917,1.12896,1.12896,104
2019.03.22 18:23:00,1.12903,1.12917,1.12897,1.12913,106
2019.03.22 18:22:00,1.12933,1.12942,1.12902,1.12905,87
2019.03.22 18:21:00,1.12947,1.12948,1.12926,1.12933,83
2019.03.22 18:20:00,1.12931,1.12954,1.12931,1.12947,88
2019.03.22 18:19:00,1.1293,1.12943,1.12924,1.12931,94
2019.03.22 18:18:00,1.12928,1.12939,1.12922,1.12932,72
2019.03.22 18:17:00,1.12925,1.1294,1.12923,1.12928,109
2019.03.22 18:16:00,1.12922,1.12939,1.12917,1.12926,124
2019.03.22 18:15:00,1.12895,1.12927,1.12891,1.12922,124
2019.03.22 18:14:00,1.12874,1.12891,1.1287,1.12891,84
2019.03.22 18:13:00,1.1286,1.1288,1.12859,1.12874,74
2019.03.22 18:12:00,1.1285,1.12865,1.1285,1.1286,80
2019.03.22 18:11:00,1.12839,1.1285,1.12832,1.1285,74
2019.03.22 18:10:00,1.12829,1.12847,1.12828,1.12839,90
2019.03.22 18:09:00,1.12827,1.12836,1.12823,1.12829,92
2019.03.22 18:08:00,1.12855,1.12858,1.12822,1.12826,104
2019.03.22 18:07:00,1.12868,1.12875,1.12853,1.12854,72
2019.03.22 18:06:00,1.12857,1.12869,1.12845,1.12869,98
2019.03.22 18:05:00,1.12863,1.12863,1.12839,1.12857,129
2019.03.22 18:04:00,1.12838,1.12873,1.12838,1.12863,115
2019.03.22 18:03:00,1.12842,1.12854,1.12831,1.12838,124
2019.03.22 18:02:00,1.1284,1.12844,1.12824,1.12842,76
2019.03.22 18:01:00,1.12825,1.1284,1.12818,1.1284,89
2019.03.22 18:00:00,1.12821,1.12834,1.12812,1.12827,177
2019.03.22 17:59:00,1.12822,1.12848,1.12815,1.12821,154
2019.03.22 17:58:00,1.12815,1.12833,1.12814,1.12822,122
2019.03.22 17:57:00,1.12838,1.12839,1.12802,1.12817,125
2019.03.22 17:56:00,1.12832,1.12852,1.12824,1.12839,171
2019.03.22 17:55:00,1.12807,1.12838,1.12787,1.12831,125
2019.03.22 17:54:00,1.12819,1.12826,1.12786,1.12807,138
2019.03.22 17:53:00,1.12839,1.1284,1.12808,1.12816,107
2019.03.22 17:52:00,1.12824,1.12843,1.12813,1.12839,83
2019.03.22 17:51:00,1.12801,1.1283,1.12799,1.12824,100
2019.03.22 17:50:00,1.12786,1.12808,1.12782,1.12801,86
2019.03.22 17:49:00,1.12787,1.12788,1.12767,1.12786,101
2019.03.22 17:48:00,1.1275,1.1279,1.12748,1.12787,96
2019.03.22 17:47:00,1.12768,1.12774,1.1274,1.1275,134
2019.03.22 17:46:00,1.12794,1.12799,1.12758,1.12767,120
2019.03.22 17:45:00,1.12812,1.12815,1.12794,1.12794,74
2019.03.22 17:44:00,1.12817,1.12818,1.12798,1.12812,70
2019.03.22 17:43:00,1.12789,1.1283,1.12789,1.12817,111
2019.03.22 17:42:00,1.12779,1.12793,1.12779,1.12789,55
2019.03.22 17:41:00,1.12773,1.12783,1.12768,1.12779,50
2019.03.22 17:40:00,1.12778,1.12798,1.12768,1.12773,75
2019.03.22 17:39:00,1.12794,1.12799,1.12763,1.12778,119
2019.03.22 17:38:00,1.12807,1.12813,1.12793,1.12794,72
2019.03.22 17:37:00,1.12813,1.12817,1.12804,1.12807,99
2019.03.22 17:36:00,1.12806,1.12813,1.12797,1.12813,77
2019.03.22 17:35:00,1.12796,1.12807,1.12795,1.12806,33
2019.03.22 17:34:00,1.12803,1.12806,1.12788,1.12796,101
2019.03.22 17:33:00,1.12797,1.12804,1.12785,1.12803,86
2019.03.22 17:32:00,1.12788,1.12807,1.1278,1.12797,78
2019.03.22 17:31:00,1.12789,1.12795,1.12779,1.12788,79
2019.03.22 17:30:00,1.12813,1.12815,1.12788,1.12789,92
2019.03.22 17:29:00,1.12803,1.12823,1.12803,1.12813,90
2019.03.22 17:28:00,1.12832,1.12833,1.12797,1.12803,93
2019.03.22 17:27:00,1.12844,1.12851,1.12829,1.12832,71
2019.03.22 17:26:00,1.1283,1.12853,1.12829,1.12844,85
2019.03.22 17:25:00,1.12833,1.12838,1.12829,1.1283,74
2019.03.22 17:24:00,1.12845,1.12855,1.12831,1.12834,95
2019.03.22 17:23:00,1.12822,1.12845,1.12822,1.12845,125
2019.03.22 17:22:00,1.12802,1.12823,1.12799,1.12822,104
2019.03.22 17:21:00,1.12819,1.12823,1.12799,1.12801,99
2019.03.22 17:20:00,1.12864,1.12864,1.12819,1.12819,142
2019.03.22 17:19:00,1.12849,1.12864,1.12842,1.12864,106
2019.03.22 17:18:00,1.12842,1.12857,1.12834,1.12849,94
