Date,Time,Open,High,Low,Close,Volume
2017.12.29,19:00,1.20216,1.20238,1.19924,1.19973,13567
2017.12.29,15:00,1.19865,1.20253,1.19853,1.20214,22432
2017.12.29,11:00,1.1981,1.19984,1.19733,1.19866,17779
2017.12.29,07:00,1.19487,1.19874,1.19458,1.1981,18233
2017.12.29,03:00,1.1942,1.19493,1.19374,1.19488,7397
2017.12.28,23:00,1.19422,1.1949,1.19363,1.19419,7774
2017.12.28,19:00,1.19527,1.19589,1.1939,1.19421,11003
2017.12.28,15:00,1.1947,1.19549,1.19363,1.19527,21177
2017.12.28,11:00,1.19316,1.19471,1.19231,1.1947,18046
2017.12.28,07:00,1.19314,1.19463,1.19257,1.19317,15930
2017.12.28,03:00,1.19054,1.19327,1.19021,1.19314,10620
2017.12.27,23:00,1.18869,1.19055,1.18864,1.19054,9245
2017.12.27,19:00,1.18987,1.19032,1.18843,1.18876,11706
2017.12.27,15:00,1.19009,1.191,1.18852,1.18987,21019
2017.12.27,11:00,1.18877,1.19041,1.18802,1.19008,20307
2017.12.27,07:00,1.1878,1.18907,1.18642,1.18877,17833
2017.12.27,03:00,1.186,1.18801,1.18591,1.18777,7678
2017.12.26,23:00,1.18578,1.18643,1.18548,1.186,6910
2017.12.26,19:00,1.18701,1.18717,1.18577,1.1858,8056
2017.12.26,15:00,1.18551,1.18786,1.1855,1.18702,13617
2017.12.26,11:00,1.18606,1.18607,1.18464,1.1855,7945
2017.12.26,07:00,1.18671,1.18754,1.18573,1.18607,4204
2017.12.22,19:00,1.18529,1.18635,1.18435,1.18588,18433
2017.12.22,15:00,1.18543,1.18566,1.1828,1.18528,23728
2017.12.22,11:00,1.18485,1.18569,1.1845,1.18545,20194
2017.12.22,07:00,1.18495,1.18619,1.18445,1.18486,19062
2017.12.22,03:00,1.18442,1.18516,1.18422,1.18494,7606
2017.12.21,23:00,1.18728,1.18753,1.18166,1.18442,15649
2017.12.21,19:00,1.18675,1.18785,1.18615,1.18733,10976
2017.12.21,15:00,1.18584,1.18788,1.1849,1.18675,24799
2017.12.21,11:00,1.18806,1.18893,1.18509,1.18583,21797
2017.12.21,07:00,1.18676,1.18869,1.18631,1.18805,19767
2017.12.21,03:00,1.18706,1.18756,1.1863,1.18676,7757
2017.12.20,23:00,1.18702,1.18818,1.18685,1.18706,9136
2017.12.20,19:00,1.18766,1.18888,1.18686,1.18706,13014
2017.12.20,15:00,1.18438,1.19015,1.1843,1.18765,31422
2017.12.20,11:00,1.18374,1.18578,1.18321,1.18437,21496
2017.12.20,07:00,1.18457,1.18538,1.18287,1.18374,20059
2017.12.20,03:00,1.18416,1.18467,1.18408,1.18455,6469
2017.12.19,23:00,1.18393,1.1846,1.18352,1.18417,7470
2017.12.19,19:00,1.18284,1.18485,1.18278,1.18392,15179
2017.12.19,15:00,1.18266,1.18301,1.18044,1.18285,32049
2017.12.19,11:00,1.18062,1.18317,1.17996,1.18265,23306
2017.12.19,07:00,1.17922,1.18184,1.179,1.18063,19243
2017.12.19,03:00,1.17821,1.17955,1.178,1.17922,7651
2017.12.18,23:00,1.17812,1.17856,1.17764,1.1782,8275
2017.12.18,19:00,1.17902,1.17975,1.17749,1.17812,12737
2017.12.18,15:00,1.17934,1.18341,1.17877,1.17901,25823
2017.12.18,11:00,1.1789,1.1799,1.17838,1.17934,18503
2017.12.18,07:00,1.17607,1.17948,1.17607,1.17889,19313
2017.12.18,03:00,1.1756,1.17649,1.17554,1.17606,8289
2017.12.17,23:00,1.17442,1.17567,1.17377,1.17561,12249
2017.12.15,19:00,1.17649,1.17654,1.17495,1.17505,13986
2017.12.15,15:00,1.17993,1.18,1.17603,1.17643,32113
2017.12.15,11:00,1.17969,1.18121,1.17908,1.17992,20220
2017.12.15,07:00,1.17834,1.17984,1.17789,1.17968,15318
2017.12.15,03:00,1.17843,1.17909,1.17782,1.17835,9556
2017.12.14,23:00,1.17779,1.179,1.17644,1.17842,10336
2017.12.14,19:00,1.17876,1.18012,1.17746,1.17772,16793
2017.12.14,15:00,1.18204,1.18265,1.17705,1.17877,30269
2017.12.14,11:00,1.18189,1.18624,1.1812,1.18206,27306
2017.12.14,07:00,1.18266,1.18375,1.18106,1.1819,19040
2017.12.14,03:00,1.18419,1.18419,1.18254,1.18265,8888
2017.12.13,23:00,1.18254,1.18434,1.18217,1.1842,12482
2017.12.13,19:00,1.17626,1.18314,1.17625,1.18255,29914
2017.12.13,15:00,1.17574,1.17704,1.17474,1.17626,22966
2017.12.13,11:00,1.17495,1.17708,1.17292,1.17575,18792
2017.12.13,07:00,1.17544,1.17625,1.17374,1.1749,10688
2017.12.13,03:00,1.17428,1.17619,1.17422,1.17545,8057
2017.12.12,23:00,1.17411,1.17478,1.1735,1.17428,5479
2017.12.12,19:00,1.17233,1.17486,1.17207,1.17412,12476
2017.12.12,15:00,1.17503,1.17517,1.17173,1.17232,23967
2017.12.12,11:00,1.17835,1.17859,1.17496,1.17504,16299
2017.12.12,07:00,1.17728,1.17924,1.17697,1.17833,15308
2017.12.12,03:00,1.1769,1.17753,1.17643,1.17728,5296
2017.12.11,23:00,1.17686,1.17796,1.17685,1.1769,7104
2017.12.11,19:00,1.17915,1.17939,1.17639,1.17684,9635
2017.12.11,15:00,1.1778,1.18114,1.17772,1.17915,20778
2017.12.11,11:00,1.17969,1.18031,1.17765,1.17781,14500
2017.12.11,07:00,1.17799,1.18004,1.1775,1.1797,14458
2017.12.11,03:00,1.17766,1.17841,1.1775,1.178,6983
2017.12.10,23:00,1.17659,1.17776,1.17628,1.17767,9138
2017.12.08,19:00,1.17557,1.17719,1.17554,1.17715,8628
2017.12.08,15:00,1.17628,1.17712,1.17464,1.17559,27235
2017.12.08,11:00,1.17364,1.17687,1.173,1.17624,21547
2017.12.08,07:00,1.17649,1.17675,1.1732,1.17366,20423
2017.12.08,03:00,1.17632,1.17691,1.17602,1.1765,7854
2017.12.07,23:00,1.17726,1.17764,1.17613,1.17631,8772
2017.12.07,19:00,1.17971,1.18144,1.17717,1.17724,18069
2017.12.07,15:00,1.17993,1.18,1.17859,1.17969,21697
2017.12.07,11:00,1.17888,1.18006,1.17759,1.17993,17110
2017.12.07,07:00,1.17921,1.18047,1.17865,1.17889,13164
2017.12.07,03:00,1.1798,1.18065,1.17889,1.17917,7887
2017.12.06,23:00,1.17949,1.18083,1.17924,1.17981,9184
2017.12.06,19:00,1.17927,1.18005,1.17886,1.17951,11038
2017.12.06,15:00,1.18076,1.1808,1.17803,1.17927,24428
2017.12.06,11:00,1.18232,1.18331,1.17999,1.18075,20097
2017.12.06,07:00,1.18437,1.18439,1.18121,1.18233,18971
2017.12.06,03:00,1.18261,1.18477,1.18256,1.18438,11781
2017.12.05,23:00,1.18258,1.18311,1.18161,1.18262,10532
2017.12.05,19:00,1.18055,1.18293,1.18005,1.18259,13652
2017.12.05,15:00,1.18345,1.18427,1.18046,1.18054,33230
2017.12.05,11:00,1.18528,1.18738,1.18273,1.18346,18217
2017.12.05,07:00,1.18672,1.18764,1.18417,1.18529,17695
2017.12.05,03:00,1.18727,1.18763,1.18668,1.18671,7650
2017.12.04,23:00,1.18655,1.18745,1.18617,1.18726,9095
2017.12.04,19:00,1.18436,1.18682,1.1843,1.18654,12840
2017.12.04,15:00,1.18452,1.18596,1.1829,1.18437,28894
2017.12.04,11:00,1.18526,1.18672,1.18427,1.18455,21707
2017.12.04,07:00,1.18675,1.18783,1.18359,1.18541,21250
2017.12.04,03:00,1.18747,1.18755,1.18671,1.18676,7823
2017.12.03,23:00,1.18708,1.18757,1.18556,1.18749,12711
2017.12.01,19:00,1.19062,1.19102,1.1885,1.18981,18382
2017.12.01,15:00,1.1869,1.19346,1.18506,1.1906,51876
2017.12.01,11:00,1.19024,1.1911,1.18629,1.1869,26314
2017.12.01,07:00,1.1927,1.19401,1.19004,1.19023,24232
2017.12.01,03:00,1.19091,1.19294,1.19002,1.19272,12742
2017.11.30,23:00,1.19035,1.19155,1.18869,1.1909,13208
2017.11.30,19:00,1.18911,1.19146,1.18889,1.19037,18000
2017.11.30,15:00,1.18588,1.19312,1.18587,1.18912,37315
2017.11.30,11:00,1.18307,1.18635,1.18086,1.18587,21134
2017.11.30,07:00,1.18642,1.18757,1.1825,1.18312,19647
2017.11.30,03:00,1.18607,1.18707,1.18584,1.18641,9479
2017.11.29,23:00,1.18467,1.18681,1.18462,1.18608,12549
2017.11.29,19:00,1.18511,1.18648,1.18459,1.18467,14683
2017.11.29,15:00,1.18373,1.18656,1.18282,1.1851,30961
2017.11.29,11:00,1.18664,1.18672,1.18166,1.18373,22024
2017.11.29,07:00,1.1851,1.18826,1.18506,1.18663,19089
2017.11.29,03:00,1.18415,1.1856,1.18412,1.18511,9719
2017.11.28,23:00,1.18381,1.18526,1.18368,1.18416,11672
2017.11.28,19:00,1.18696,1.18701,1.18268,1.18399,24749
2017.11.28,15:00,1.18936,1.18989,1.18637,1.18694,29587
2017.11.28,11:00,1.18911,1.19001,1.18746,1.18936,16871
2017.11.28,07:00,1.19017,1.19197,1.1885,1.18915,19597
2017.11.28,03:00,1.18993,1.19085,1.18976,1.19017,8396
2017.11.27,23:00,1.18976,1.19084,1.18903,1.18992,10145
2017.11.27,19:00,1.19022,1.19059,1.18954,1.18981,8724
2017.11.27,15:00,1.19587,1.19587,1.18977,1.19022,25755
2017.11.27,11:00,1.19301,1.1961,1.19262,1.19586,16145
2017.11.27,07:00,1.19281,1.19565,1.19171,1.19301,17947
2017.11.27,03:00,1.19204,1.19287,1.1914,1.1928,6666
2017.11.26,23:00,1.19292,1.19358,1.19117,1.19205,10533
2017.11.24,19:00,1.19274,1.19384,1.19227,1.19323,10780
2017.11.24,15:00,1.18963,1.19441,1.18948,1.19275,20441
2017.11.24,11:00,1.1868,1.18986,1.18551,1.18962,15204
2017.11.24,07:00,1.18515,1.18744,1.18366,1.18681,15578
2017.11.24,03:00,1.18481,1.18586,1.18434,1.18516,7722
2017.11.23,23:00,1.18497,1.18545,1.18366,1.18481,8863
2017.11.23,19:00,1.18492,1.18533,1.18448,1.18498,13377
2017.11.23,15:00,1.1849,1.18543,1.18398,1.18492,8124
2017.11.23,11:00,1.18424,1.18556,1.1838,1.18491,11181
2017.11.23,07:00,1.18294,1.18466,1.18236,1.18425,14308
2017.11.23,03:00,1.18227,1.18379,1.18169,1.18292,9172
2017.11.22,23:00,1.18213,1.18243,1.1813,1.18227,8900
2017.11.22,19:00,1.1795,1.18268,1.17924,1.18214,16119
2017.11.22,15:00,1.17504,1.17982,1.175,1.17948,21626
2017.11.22,11:00,1.17563,1.17563,1.17352,1.17505,15951
2017.11.22,07:00,1.17438,1.17731,1.17417,1.17563,15723
2017.11.22,03:00,1.17385,1.17449,1.17345,1.17441,6476
2017.11.21,23:00,1.17377,1.17475,1.17321,1.17384,9389
2017.11.21,19:00,1.17425,1.17515,1.17349,1.17377,10810
2017.11.21,15:00,1.17218,1.17479,1.1718,1.17425,20780
2017.11.21,11:00,1.17285,1.17463,1.17127,1.17219,16315
2017.11.21,07:00,1.17413,1.17574,1.17137,1.17284,16950
2017.11.21,03:00,1.17335,1.17431,1.17299,1.17416,4990
2017.11.20,23:00,1.17322,1.17444,1.17304,1.17334,9223
2017.11.20,19:00,1.17468,1.17504,1.17278,1.17327,13901
2017.11.20,15:00,1.17707,1.17752,1.17317,1.17465,23929
2017.11.20,11:00,1.17941,1.17962,1.17663,1.17706,18666
2017.11.20,07:00,1.17334,1.18084,1.17318,1.17942,26218
2017.11.20,03:00,1.17445,1.17457,1.17248,1.17333,12001
2017.11.19,23:00,1.17877,1.1797,1.17221,1.17446,20024
2017.11.17,19:00,1.18012,1.18057,1.17854,1.17865,13570
2017.11.17,15:00,1.17874,1.18024,1.17762,1.18012,25588
2017.11.17,11:00,1.17935,1.18122,1.17736,1.17871,17562
2017.11.17,07:00,1.18034,1.18156,1.17838,1.17934,21068
2017.11.17,03:00,1.18126,1.18214,1.18024,1.18034,16000
2017.11.16,23:00,1.17694,1.18161,1.1765,1.18125,14613
2017.11.16,19:00,1.17728,1.17771,1.17589,1.17696,12626
2017.11.16,15:00,1.17751,1.1785,1.17603,1.1773,24277
2017.11.16,11:00,1.17757,1.17793,1.17564,1.1775,20607
2017.11.16,07:00,1.1779,1.18007,1.17712,1.17757,24597
2017.11.16,03:00,1.17874,1.17874,1.17755,1.1779,10302
2017.11.15,23:00,1.17909,1.17919,1.17681,1.17874,12193
2017.11.15,19:00,1.17974,1.18034,1.17887,1.17908,15526
2017.11.15,15:00,1.18443,1.18445,1.17896,1.17974,33201
2017.11.15,11:00,1.18393,1.18603,1.18262,1.1844,26351
2017.11.15,07:00,1.17866,1.18527,1.17844,1.18394,28105
2017.11.15,03:00,1.17893,1.1799,1.17859,1.17864,10967
2017.11.14,23:00,1.17974,1.18022,1.17856,1.17892,11844
2017.11.14,19:00,1.17811,1.18048,1.17806,1.17974,15963
2017.11.14,15:00,1.17516,1.1785,1.17445,1.17812,27424
2017.11.14,11:00,1.17176,1.17636,1.17126,1.17516,21443
2017.11.14,07:00,1.16737,1.17198,1.16642,1.17177,19363
2017.11.14,03:00,1.16699,1.16762,1.16664,1.16738,6789
2017.11.13,23:00,1.16665,1.16757,1.16612,1.167,6985
2017.11.13,19:00,1.16624,1.16708,1.16619,1.16669,8588
2017.11.13,15:00,1.16698,1.16741,1.16548,1.16624,18237
2017.11.13,11:00,1.16412,1.16749,1.1638,1.16698,14098
2017.11.13,07:00,1.16578,1.16583,1.16372,1.16412,16852
2017.11.13,03:00,1.16498,1.16599,1.16488,1.16579,7069
2017.11.12,23:00,1.16577,1.16645,1.16446,1.16498,9399
2017.11.10,19:00,1.16589,1.16686,1.16577,1.16646,10500
2017.11.10,15:00,1.1648,1.16778,1.16479,1.16588,23001
2017.11.10,11:00,1.16599,1.16599,1.16381,1.16479,17250
2017.11.10,07:00,1.16457,1.16619,1.16225,1.16599,21060
2017.11.10,03:00,1.16457,1.16494,1.1641,1.16456,11036
2017.11.09,23:00,1.16412,1.16542,1.16384,1.16456,12998
2017.11.09,19:00,1.164,1.16498,1.16374,1.16411,17955
2017.11.09,15:00,1.16041,1.16546,1.15999,1.164,33344
2017.11.09,11:00,1.1602,1.16441,1.15988,1.16043,23845
2017.11.09,07:00,1.1603,1.16154,1.15894,1.1602,18434
2017.11.09,03:00,1.15937,1.16046,1.15907,1.1603,16092
2017.11.08,23:00,1.15941,1.15968,1.15854,1.15938,9757
2017.11.08,19:00,1.15932,1.15986,1.15891,1.15942,14095
2017.11.08,15:00,1.1591,1.16037,1.15788,1.15935,21979
2017.11.08,11:00,1.15919,1.16064,1.15834,1.15909,17770
2017.11.08,07:00,1.15958,1.16108,1.15848,1.1592,19631
2017.11.08,03:00,1.15957,1.16003,1.15933,1.15957,9247
2017.11.07,23:00,1.15858,1.16058,1.15858,1.15957,14719
2017.11.07,19:00,1.15822,1.15924,1.15741,1.15856,14739
2017.11.07,15:00,1.15624,1.15902,1.15597,1.15822,26467
2017.11.07,11:00,1.15669,1.15779,1.15529,1.15623,19058
2017.11.07,07:00,1.16052,1.16091,1.15656,1.15669,19699
2017.11.07,03:00,1.16044,1.16149,1.16015,1.16053,10123
2017.11.06,23:00,1.1609,1.16151,1.16021,1.16043,9245
2017.11.06,19:00,1.16116,1.16158,1.16029,1.16092,11774
2017.11.06,15:00,1.15851,1.16132,1.158,1.16115,21003
2017.11.06,11:00,1.16024,1.16138,1.15835,1.15852,14963
2017.11.06,07:00,1.16121,1.16165,1.15878,1.16025,19978
2017.11.06,03:00,1.16101,1.16239,1.16059,1.1612,12537
2017.11.05,23:00,1.16127,1.16177,1.15963,1.16102,11322
2017.11.03,19:00,1.16024,1.16141,1.15989,1.16084,10147
2017.11.03,15:00,1.164,1.164,1.15998,1.16025,27800
2017.11.03,11:00,1.16467,1.16901,1.16387,1.1645,27582
2017.11.03,07:00,1.16648,1.16677,1.16398,1.16468,13057
2017.11.03,03:00,1.1661,1.16649,1.16561,1.16648,6843
2017.11.02,23:00,1.16562,1.16661,1.16539,1.1661,8640
2017.11.02,19:00,1.16562,1.16641,1.16477,1.1656,14690
2017.11.02,15:00,1.16499,1.16871,1.16497,1.1656,31986
2017.11.02,11:00,1.16414,1.16671,1.1635,1.16501,26856
2017.11.02,07:00,1.1656,1.16624,1.16258,1.16415,16812
2017.11.02,03:00,1.16603,1.16649,1.16495,1.1656,10857
2017.11.01,23:00,1.16222,1.16713,1.16128,1.16604,16581
2017.11.01,19:00,1.16251,1.1641,1.16102,1.16222,19389
2017.11.01,15:00,1.16126,1.1643,1.161,1.16248,22620
2017.11.01,11:00,1.16319,1.16431,1.16061,1.16116,18743
2017.11.01,07:00,1.1629,1.16571,1.16285,1.16322,17200
2017.11.01,03:00,1.16364,1.16373,1.16253,1.16289,9123
2017.10.31,23:00,1.16455,1.16547,1.16315,1.16362,11332
2017.10.31,19:00,1.16472,1.16564,1.16399,1.16455,11390
2017.10.31,15:00,1.16394,1.1661,1.16264,1.16469,24209
2017.10.31,11:00,1.16305,1.16431,1.16252,1.16398,20871
2017.10.31,07:00,1.16357,1.16498,1.16308,1.16333,16753
2017.10.31,03:00,1.16344,1.16386,1.16249,1.16356,9511
2017.10.30,23:00,1.1649,1.16526,1.16333,1.16343,12531
2017.10.30,19:00,1.16301,1.16578,1.16279,1.16491,11819
2017.10.30,15:00,1.16193,1.16458,1.16033,1.16301,22647
2017.10.30,11:00,1.16391,1.16418,1.16046,1.16194,20766
2017.10.30,07:00,1.16162,1.16404,1.16013,1.16392,19956
2017.10.30,03:00,1.16108,1.16174,1.16061,1.16161,9564
2017.10.29,23:00,1.16045,1.1615,1.15934,1.16104,13573
2017.10.27,19:00,1.15897,1.16084,1.15845,1.16071,15054
2017.10.27,15:00,1.15984,1.16235,1.1574,1.15897,38467
2017.10.27,11:00,1.16269,1.16384,1.15866,1.15987,26806
2017.10.27,07:00,1.16349,1.16435,1.16156,1.16268,24838
2017.10.27,03:00,1.16304,1.1639,1.16242,1.16347,12125
2017.10.26,23:00,1.16502,1.16565,1.16283,1.16304,13833
2017.10.26,19:00,1.16817,1.16821,1.16402,1.16502,22757
2017.10.26,15:00,1.17691,1.17852,1.1679,1.16819,36161
2017.10.26,11:00,1.18133,1.18165,1.17376,1.17692,30386
2017.10.26,07:00,1.18257,1.18365,1.18124,1.18136,20451
2017.10.26,03:00,1.18174,1.18327,1.18171,1.18256,10086
2017.10.25,23:00,1.18124,1.18228,1.18115,1.18175,10791
2017.10.25,19:00,1.18128,1.18174,1.17997,1.18125,17442
2017.10.25,15:00,1.17763,1.18169,1.17763,1.18127,36795
2017.10.25,11:00,1.1767,1.17859,1.17595,1.17764,27666
2017.10.25,07:00,1.17573,1.17748,1.1755,1.17674,23973
2017.10.25,03:00,1.17584,1.17639,1.17533,1.17574,9273
2017.10.24,23:00,1.17604,1.17696,1.17528,1.17583,11303
2017.10.24,19:00,1.1764,1.17925,1.17561,1.17608,21501
2017.10.24,15:00,1.17608,1.17768,1.17539,1.17636,22517
2017.10.24,11:00,1.17638,1.17696,1.1751,1.17607,16439
2017.10.24,07:00,1.17615,1.17655,1.17424,1.17636,17208
2017.10.24,03:00,1.17596,1.17698,1.17569,1.17615,9337
2017.10.23,23:00,1.17484,1.17605,1.17459,1.17597,7584
2017.10.23,19:00,1.17439,1.17538,1.17246,1.17484,15399
2017.10.23,15:00,1.17352,1.17633,1.17338,1.17441,21306
2017.10.23,11:00,1.17458,1.17528,1.1733,1.17353,18079
2017.10.23,07:00,1.17695,1.17772,1.174,1.17459,15620
2017.10.23,03:00,1.17598,1.17732,1.17551,1.17696,8550
2017.10.22,23:00,1.17664,1.17739,1.17511,1.17601,11146
2017.10.20,19:00,1.17835,1.17885,1.17662,1.17801,15694
2017.10.20,15:00,1.18009,1.18047,1.17621,1.17833,25131
2017.10.20,11:00,1.18029,1.18205,1.17957,1.18008,20543
2017.10.20,07:00,1.18148,1.1826,1.17906,1.1803,23665
2017.10.20,03:00,1.18494,1.18577,1.18071,1.18148,21754
2017.10.19,23:00,1.18517,1.18526,1.18428,1.18495,11689
2017.10.19,19:00,1.18344,1.18575,1.18259,1.18517,13376
2017.10.19,15:00,1.18301,1.18577,1.18267,1.18344,22522
2017.10.19,11:00,1.18063,1.18421,1.18002,1.18299,26058
2017.10.19,07:00,1.18022,1.18223,1.17678,1.1806,26811
2017.10.19,03:00,1.1811,1.18141,1.17947,1.18023,12652
2017.10.18,23:00,1.17869,1.18164,1.17867,1.18109,13743
2017.10.18,19:00,1.17865,1.18051,1.17833,1.1787,12116
2017.10.18,15:00,1.17647,1.17937,1.17596,1.17866,21294
2017.10.18,11:00,1.17453,1.17696,1.17298,1.17646,23228
2017.10.18,07:00,1.17634,1.17705,1.17435,1.17452,18270
2017.10.18,03:00,1.17725,1.17747,1.17622,1.17635,7903
2017.10.17,23:00,1.17659,1.17804,1.17641,1.17725,10485
2017.10.17,19:00,1.17451,1.17748,1.17442,1.17657,12129
2017.10.17,15:00,1.1751,1.17571,1.17359,1.17457,21091
2017.10.17,11:00,1.17652,1.17695,1.17511,1.17511,20067
2017.10.17,07:00,1.17772,1.17801,1.17546,1.17646,18240
2017.10.17,03:00,1.1786,1.17869,1.17748,1.17773,9688
2017.10.16,23:00,1.17955,1.17998,1.1784,1.17861,9333
2017.10.16,19:00,1.18102,1.18108,1.17857,1.17954,16120
2017.10.16,15:00,1.18067,1.18192,1.17949,1.18103,17093
2017.10.16,11:00,1.17895,1.18166,1.17841,1.18066,18644
2017.10.16,07:00,1.1809,1.18099,1.17801,1.17895,18425
2017.10.16,03:00,1.18124,1.18156,1.17978,1.1809,8737
2017.10.15,23:00,1.18126,1.18192,1.18054,1.18124,6312
2017.10.13,19:00,1.18268,1.18308,1.18103,1.18202,15741
2017.10.13,15:00,1.18562,1.18747,1.18268,1.18269,27359
2017.10.13,11:00,1.18308,1.1874,1.1805,1.18564,24051
2017.10.13,07:00,1.18452,1.18512,1.18149,1.18309,19006
2017.10.13,03:00,1.18438,1.18513,1.18373,1.18453,9507
2017.10.12,23:00,1.18293,1.18442,1.1825,1.18439,9715
2017.10.12,19:00,1.1835,1.18503,1.18267,1.18294,13927
2017.10.12,15:00,1.18471,1.18517,1.18286,1.18347,21193
2017.10.12,11:00,1.18621,1.18657,1.18403,1.18471,18459
2017.10.12,07:00,1.18759,1.18794,1.18557,1.1862,16388
2017.10.12,03:00,1.18638,1.18782,1.18626,1.18759,12524
2017.10.11,23:00,1.18566,1.18712,1.18558,1.18637,14303
2017.10.11,19:00,1.18454,1.18689,1.18397,1.18579,19881
2017.10.11,15:00,1.18437,1.18583,1.18368,1.18454,23414
2017.10.11,11:00,1.18268,1.18462,1.1801,1.18438,20853
2017.10.11,07:00,1.18137,1.18447,1.18122,1.18269,18949
2017.10.11,03:00,1.18193,1.18238,1.1795,1.18137,15058
2017.10.10,23:00,1.18076,1.18274,1.18064,1.18192,9875
2017.10.10,19:00,1.18027,1.18252,1.17955,1.18075,15923
2017.10.10,15:00,1.17869,1.18179,1.1782,1.18022,22477
2017.10.10,11:00,1.17783,1.1807,1.17732,1.17869,21114
2017.10.10,07:00,1.17702,1.17885,1.17621,1.17782,18788
2017.10.10,03:00,1.17484,1.17821,1.17476,1.17702,13228
2017.10.09,23:00,1.17402,1.17486,1.17389,1.17484,8984
2017.10.09,19:00,1.1749,1.17558,1.17387,1.174,10902
2017.10.09,15:00,1.17384,1.17556,1.17249,1.17493,12573
2017.10.09,11:00,1.17354,1.17476,1.17333,1.17384,9553
2017.10.09,07:00,1.17351,1.1741,1.17193,1.17354,11391
2017.10.09,03:00,1.17365,1.17473,1.17315,1.17352,6743
2017.10.08,23:00,1.17367,1.17439,1.17329,1.17366,8272
2017.10.06,19:00,1.17235,1.17371,1.17235,1.17344,12375
2017.10.06,15:00,1.16907,1.17385,1.16838,1.17235,35436
2017.10.06,11:00,1.16959,1.17144,1.16691,1.16906,24052
2017.10.06,07:00,1.16995,1.17064,1.16859,1.16961,17696
2017.10.06,03:00,1.17111,1.17154,1.16858,1.16994,12367
2017.10.05,23:00,1.17112,1.17141,1.16989,1.17111,10331
2017.10.05,19:00,1.17089,1.17117,1.16989,1.17104,11312
2017.10.05,15:00,1.17308,1.1735,1.17025,1.1709,24755
2017.10.05,11:00,1.17751,1.17756,1.17246,1.17303,19765
2017.10.05,07:00,1.17587,1.17787,1.17476,1.17751,18619
2017.10.05,03:00,1.17542,1.17592,1.1751,1.17588,8034
2017.10.04,23:00,1.17589,1.17628,1.17515,1.17543,11480
2017.10.04,19:00,1.17625,1.17658,1.17543,1.17586,10081
2017.10.04,15:00,1.17714,1.17727,1.17453,1.17627,24546
2017.10.04,11:00,1.17565,1.17874,1.17528,1.17714,20194
2017.10.04,07:00,1.17667,1.17765,1.17469,1.17565,18524
2017.10.04,03:00,1.17744,1.17796,1.17633,1.17668,11243
2017.10.03,23:00,1.1743,1.17793,1.17349,1.17745,13635
2017.10.03,19:00,1.17531,1.17558,1.17388,1.17431,9992
2017.10.03,15:00,1.17484,1.17733,1.17473,1.17528,18484
2017.10.03,11:00,1.17329,1.17618,1.17324,1.17484,16811
2017.10.03,07:00,1.17064,1.17474,1.16959,1.17327,21649
2017.10.03,03:00,1.17197,1.17202,1.17017,1.17062,17094
2017.10.02,23:00,1.17323,1.17398,1.17191,1.17196,13330
2017.10.02,19:00,1.17425,1.17494,1.17309,1.17323,11111
2017.10.02,15:00,1.17575,1.17609,1.17304,1.17429,24924
2017.10.02,11:00,1.1745,1.1763,1.173,1.17574,19858
2017.10.02,07:00,1.17764,1.17765,1.17336,1.17454,22106
2017.10.02,03:00,1.17895,1.1791,1.17703,1.17764,12079
2017.10.01,23:00,1.17955,1.18147,1.17874,1.17891,10243
2017.09.29,19:00,1.18025,1.18258,1.17998,1.18162,14451
2017.09.29,15:00,1.1829,1.18317,1.17913,1.18027,30144
2017.09.29,11:00,1.17975,1.18322,1.17886,1.18291,20296
2017.09.29,07:00,1.17787,1.18083,1.17723,1.17993,19502
2017.09.29,03:00,1.17856,1.17903,1.17754,1.17787,9871
2017.09.28,23:00,1.17861,1.17889,1.1777,1.17859,10713
2017.09.28,19:00,1.17832,1.17933,1.17778,1.17854,12136
2017.09.28,15:00,1.17668,1.18038,1.17663,1.17835,26586
2017.09.28,11:00,1.17661,1.17844,1.17585,1.17666,23033
2017.09.28,07:00,1.17316,1.1772,1.17209,1.17661,28880
2017.09.28,03:00,1.1748,1.17507,1.17267,1.17316,14998
2017.09.27,23:00,1.17445,1.17559,1.17402,1.17481,12879
2017.09.27,19:00,1.1752,1.17653,1.17442,1.17446,18244
2017.09.27,15:00,1.172,1.17762,1.17167,1.17519,31321
2017.09.27,11:00,1.17357,1.17566,1.1718,1.172,23283
2017.09.27,07:00,1.17792,1.17837,1.17307,1.17358,27217
2017.09.27,03:00,1.17877,1.17951,1.17774,1.17791,11174
2017.09.26,23:00,1.17927,1.17938,1.17764,1.17876,10959
2017.09.26,19:00,1.17812,1.18103,1.17812,1.17924,19479
2017.09.26,15:00,1.17915,1.17971,1.17568,1.17818,28849
2017.09.26,11:00,1.18169,1.18289,1.17807,1.17915,24520
2017.09.26,07:00,1.18535,1.18589,1.18097,1.18168,25559
2017.09.26,03:00,1.18541,1.18612,1.18526,1.18533,8875
2017.09.25,23:00,1.18475,1.18591,1.18445,1.1854,12768
2017.09.25,19:00,1.18448,1.18551,1.1837,1.18475,12362
2017.09.25,15:00,1.18726,1.18898,1.18318,1.18449,37077
2017.09.25,11:00,1.19051,1.19065,1.18639,1.18727,24350
2017.09.25,07:00,1.1933,1.19353,1.18979,1.19052,21928
2017.09.25,03:00,1.19277,1.19363,1.19184,1.19329,11327
2017.09.24,23:00,1.18996,1.19346,1.18983,1.19279,12307
2017.09.22,19:00,1.19443,1.19539,1.19393,1.19478,13863
2017.09.22,15:00,1.19714,1.19833,1.19367,1.19442,28892
2017.09.22,11:00,1.19901,1.20042,1.19583,1.19713,24339
2017.09.22,07:00,1.19598,1.20024,1.19575,1.199,23526
2017.09.22,03:00,1.19413,1.19645,1.19406,1.19598,14586
2017.09.21,23:00,1.19408,1.19485,1.19371,1.19414,10696
2017.09.21,19:00,1.19323,1.19425,1.19278,1.19407,10686
2017.09.21,15:00,1.19163,1.19534,1.19082,1.19323,29789
2017.09.21,11:00,1.1913,1.19224,1.18905,1.19164,21126
2017.09.21,07:00,1.18831,1.19178,1.18762,1.1913,26018
2017.09.21,03:00,1.18773,1.18911,1.18667,1.18831,17396
2017.09.20,23:00,1.18922,1.18968,1.18654,1.18774,17859
2017.09.20,19:00,1.20041,1.20335,1.18606,1.18923,45083
2017.09.20,15:00,1.19917,1.20056,1.19839,1.20039,20525
2017.09.20,11:00,1.20068,1.20216,1.19889,1.19918,17841
2017.09.20,07:00,1.20066,1.20157,1.19955,1.20067,19411
2017.09.20,03:00,1.19917,1.20192,1.19905,1.20067,14120
2017.09.19,23:00,1.19939,1.20004,1.19866,1.19917,10519
2017.09.19,19:00,1.19737,1.20062,1.19702,1.19939,14530
2017.09.19,15:00,1.1984,1.19905,1.19602,1.19736,25890
2017.09.19,11:00,1.19838,1.19944,1.19534,1.1984,27109
2017.09.19,07:00,1.19754,1.20063,1.19713,1.19839,24859
2017.09.19,03:00,1.19642,1.19795,1.1962,1.19755,12894
2017.09.18,23:00,1.19534,1.19664,1.19495,1.19639,10628
2017.09.18,19:00,1.19341,1.19588,1.19272,1.19534,15853
2017.09.18,15:00,1.1961,1.19669,1.19222,1.1934,24203
2017.09.18,11:00,1.19389,1.19692,1.19371,1.1961,19193
2017.09.18,07:00,1.19403,1.19559,1.19148,1.19384,20373
2017.09.18,03:00,1.19437,1.19548,1.19386,1.19405,9935
2017.09.17,23:00,1.19252,1.19499,1.19251,1.19438,8197
2017.09.15,19:00,1.19449,1.19608,1.19292,1.19469,13246
2017.09.15,15:00,1.19736,1.19864,1.19397,1.1945,27072
2017.09.15,11:00,1.1929,1.19869,1.19265,1.19736,31928
2017.09.15,07:00,1.19121,1.19397,1.19047,1.1929,22375
2017.09.15,03:00,1.19077,1.1918,1.1901,1.19122,14541
2017.09.14,23:00,1.19183,1.19235,1.19059,1.19078,17225
2017.09.14,19:00,1.18839,1.19222,1.18831,1.19185,16305
2017.09.14,15:00,1.18925,1.18979,1.18682,1.18836,29561
2017.09.14,11:00,1.19043,1.19089,1.18374,1.18922,32205
2017.09.14,07:00,1.18777,1.19095,1.18658,1.19042,19745
2017.09.14,03:00,1.18825,1.18851,1.18703,1.18779,13840
2017.09.13,23:00,1.18847,1.18938,1.18807,1.18825,10886
2017.09.13,19:00,1.18804,1.18952,1.18727,1.18847,14512
2017.09.13,15:00,1.19737,1.19744,1.18799,1.18809,28976
2017.09.13,11:00,1.19792,1.19893,1.19643,1.19735,17751
2017.09.13,07:00,1.1983,1.19946,1.19683,1.19789,18650
2017.09.13,03:00,1.19694,1.19929,1.19692,1.19831,15586
2017.09.12,23:00,1.19657,1.19733,1.19595,1.19696,13949
2017.09.12,19:00,1.19626,1.19726,1.19543,1.19661,14117
2017.09.12,15:00,1.19294,1.19735,1.19294,1.19623,25057
2017.09.12,11:00,1.19575,1.19645,1.1926,1.19295,24471
2017.09.12,07:00,1.19555,1.19781,1.19462,1.19577,20707
2017.09.12,03:00,1.19468,1.19631,1.19468,1.19554,10704
2017.09.11,23:00,1.19519,1.19639,1.19455,1.19469,12862
2017.09.11,19:00,1.19693,1.19705,1.19472,1.19521,13140
2017.09.11,15:00,1.19842,1.19927,1.1957,1.19694,22086
2017.09.11,11:00,1.20209,1.20253,1.19788,1.19843,19612
2017.09.11,07:00,1.20073,1.20292,1.19929,1.20211,20613
2017.09.11,03:00,1.20119,1.20186,1.19988,1.20072,13878
2017.09.10,23:00,1.20187,1.2025,1.20105,1.20118,10992
2017.09.08,19:00,1.20262,1.20383,1.20247,1.20293,11443
2017.09.08,15:00,1.20421,1.20506,1.20145,1.2026,28761
2017.09.08,11:00,1.20631,1.20734,1.20343,1.20422,27267
2017.09.08,07:00,1.20698,1.2092,1.2036,1.2063,36999
2017.09.08,03:00,1.20347,1.20891,1.20231,1.20695,25089
2017.09.07,23:00,1.20215,1.20356,1.20174,1.20346,19681
2017.09.07,19:00,1.19891,1.20288,1.19891,1.20225,17873
2017.09.07,15:00,1.2042,1.20593,1.19721,1.19891,43692
2017.09.07,11:00,1.19591,1.20527,1.19298,1.20421,34379
2017.09.07,07:00,1.19241,1.19702,1.19137,1.19588,20464
2017.09.07,03:00,1.19225,1.19279,1.19189,1.19241,12973
2017.09.06,23:00,1.19163,1.19345,1.19163,1.19225,16121
2017.09.06,19:00,1.19261,1.19281,1.19076,1.19165,17479
2017.09.06,15:00,1.19315,1.19498,1.19114,1.19264,34230
2017.09.06,11:00,1.19436,1.19492,1.19189,1.19314,23115
2017.09.06,07:00,1.19137,1.19492,1.19093,1.19437,19833
2017.09.06,03:00,1.19215,1.1924,1.19028,1.19139,14559
2017.09.05,23:00,1.19134,1.19244,1.19085,1.19214,18971
2017.09.05,19:00,1.19033,1.19296,1.18946,1.19134,17323
2017.09.05,15:00,1.19002,1.19403,1.18862,1.19028,29908
2017.09.05,11:00,1.18848,1.19067,1.18762,1.19002,20843
2017.09.05,07:00,1.19055,1.19085,1.18679,1.18844,21822
2017.09.05,03:00,1.18994,1.19109,1.18922,1.19054,23389
2017.09.04,23:00,1.18964,1.19016,1.18897,1.18994,16004
2017.09.04,19:00,1.18884,1.19034,1.18884,1.18964,63683
2017.09.04,15:00,1.18963,1.19196,1.18872,1.18883,12326
2017.09.04,11:00,1.19185,1.19218,1.18889,1.18965,12221
2017.09.04,07:00,1.18818,1.19205,1.18807,1.19183,18457
2017.09.04,03:00,1.18801,1.18895,1.18775,1.18817,12139
2017.09.03,23:00,1.18791,1.1886,1.18733,1.188,19870
2017.09.01,19:00,1.18575,1.18753,1.18566,1.1863,12589
2017.09.01,15:00,1.19055,1.19205,1.1849,1.18576,38063
2017.09.01,11:00,1.18926,1.19794,1.18912,1.19059,30365
2017.09.01,07:00,1.18972,1.19046,1.18788,1.18925,15986
2017.09.01,03:00,1.19095,1.19127,1.1895,1.18972,11255
2017.08.31,23:00,1.19089,1.19226,1.19055,1.19095,17687
2017.08.31,19:00,1.18801,1.19125,1.18786,1.19092,15939
2017.08.31,15:00,1.18431,1.19079,1.18355,1.18802,32363
2017.08.31,11:00,1.18963,1.19054,1.18229,1.1843,29124
2017.08.31,07:00,1.18787,1.19031,1.18667,1.18963,19806
2017.08.31,03:00,1.18931,1.18969,1.18711,1.18786,14684
2017.08.30,23:00,1.18832,1.18965,1.1882,1.1893,13704
2017.08.30,19:00,1.1904,1.1904,1.18803,1.18831,14202
2017.08.30,15:00,1.19181,1.19377,1.1895,1.1904,27717
2017.08.30,11:00,1.19438,1.19544,1.18931,1.19182,24130
2017.08.30,07:00,1.19733,1.19745,1.1938,1.19438,26040
2017.08.30,03:00,1.19744,1.19839,1.19665,1.19732,14288
2017.08.29,23:00,1.19716,1.19787,1.19628,1.19746,15527
2017.08.29,19:00,1.2016,1.20201,1.19459,1.19716,20057
2017.08.29,15:00,1.20286,1.20377,1.20089,1.20156,30075
2017.08.29,11:00,1.206,1.20662,1.20278,1.20287,27035
2017.08.29,07:00,1.19742,1.20699,1.19714,1.20599,32969
2017.08.29,03:00,1.19647,1.19767,1.19621,1.19742,13188
2017.08.28,23:00,1.19785,1.19856,1.19553,1.19645,25776
2017.08.28,19:00,1.19761,1.19835,1.19725,1.19783,10275
2017.08.28,15:00,1.19346,1.19833,1.19258,1.19762,22045
2017.08.28,11:00,1.19305,1.19399,1.19216,1.19345,15906
2017.08.28,07:00,1.19202,1.19421,1.19168,1.19305,14169
2017.08.28,03:00,1.19296,1.19301,1.19201,1.19202,10091
2017.08.27,23:00,1.19442,1.19595,1.19218,1.19293,14712
2017.08.25,19:00,1.18865,1.1941,1.18641,1.19201,22320
2017.08.25,15:00,1.18053,1.18866,1.1785,1.18866,33640
2017.08.25,11:00,1.17961,1.18276,1.17954,1.18052,15694
2017.08.25,07:00,1.17978,1.18012,1.17731,1.17962,13670
2017.08.25,03:00,1.17962,1.17998,1.17875,1.17977,10027
2017.08.24,23:00,1.17989,1.18035,1.17923,1.17964,16306
2017.08.24,19:00,1.18041,1.18144,1.17974,1.17989,8749
2017.08.24,15:00,1.1799,1.18101,1.17875,1.18041,19883
2017.08.24,11:00,1.17868,1.181,1.17846,1.17989,14646
2017.08.24,07:00,1.18021,1.18076,1.17839,1.17871,13936
2017.08.24,03:00,1.1809,1.18094,1.17942,1.1802,10384
2017.08.23,23:00,1.18064,1.18176,1.18056,1.18089,14720
2017.08.23,19:00,1.18007,1.18229,1.18007,1.18065,11510
2017.08.23,15:00,1.17946,1.18196,1.17867,1.18007,19839
2017.08.23,11:00,1.17897,1.18077,1.17756,1.17947,15275
2017.08.23,07:00,1.1758,1.17921,1.17399,1.17897,16592
2017.08.23,03:00,1.17491,1.17657,1.17475,1.17578,8242
2017.08.22,23:00,1.1761,1.17658,1.17487,1.17491,9196
2017.08.22,19:00,1.17638,1.17645,1.17478,1.17611,8436
2017.08.22,15:00,1.17612,1.17716,1.175,1.17639,18422
2017.08.22,11:00,1.17712,1.17727,1.17451,1.17613,17268
2017.08.22,07:00,1.18065,1.18067,1.17655,1.17714,14671
2017.08.22,03:00,1.18139,1.1824,1.18025,1.18064,8706
2017.08.21,23:00,1.18146,1.18171,1.18078,1.1814,9545
2017.08.21,19:00,1.18241,1.18278,1.18069,1.18144,9090
2017.08.21,15:00,1.178,1.18247,1.17769,1.18236,21500
2017.08.21,11:00,1.17407,1.17828,1.17364,1.17799,13740
2017.08.21,07:00,1.17509,1.17551,1.17309,1.17408,12565
2017.08.21,03:00,1.17513,1.17624,1.17508,1.1751,7649
2017.08.20,23:00,1.1761,1.1761,1.17498,1.17513,6043
2017.08.18,19:00,1.17487,1.17672,1.17404,1.17612,12183
2017.08.18,15:00,1.17487,1.17605,1.1729,1.1749,32876
2017.08.18,11:00,1.17472,1.17742,1.17311,1.17482,17564
2017.08.18,07:00,1.1737,1.17582,1.17209,1.17471,17673
2017.08.18,03:00,1.17278,1.17393,1.17234,1.17369,8388
2017.08.17,23:00,1.17225,1.17306,1.17082,1.17277,14128
2017.08.17,19:00,1.17411,1.17513,1.17177,1.17225,14792
2017.08.17,15:00,1.1693,1.17535,1.16922,1.17409,31031
2017.08.17,11:00,1.1733,1.17371,1.16621,1.16932,33399
2017.08.17,07:00,1.17789,1.17894,1.17298,1.17327,20715
2017.08.17,03:00,1.17678,1.17898,1.17666,1.17789,16255
2017.08.16,23:00,1.17664,1.17791,1.17647,1.17676,15990
2017.08.16,19:00,1.17015,1.17785,1.17003,1.17663,26112
2017.08.16,15:00,1.17029,1.17161,1.16809,1.17015,22825
2017.08.16,11:00,1.17254,1.17394,1.16952,1.17028,23549
2017.08.16,07:00,1.17422,1.17578,1.1691,1.17254,23415
2017.08.16,03:00,1.17379,1.17433,1.17339,1.17423,8519
2017.08.15,23:00,1.17343,1.17452,1.17286,1.17377,13529
2017.08.15,19:00,1.17364,1.1743,1.17269,1.17341,9809
2017.08.15,15:00,1.16916,1.17386,1.16899,1.17369,23807
2017.08.15,11:00,1.17559,1.17632,1.16869,1.16916,23797
2017.08.15,07:00,1.1777,1.17793,1.17205,1.17563,21028
2017.08.15,03:00,1.1781,1.17924,1.17765,1.17771,12122
2017.08.14,23:00,1.17787,1.17892,1.1768,1.1781,11890
2017.08.14,19:00,1.17928,1.17947,1.17719,1.17791,12577
2017.08.14,15:00,1.17954,1.18016,1.17696,1.17929,19712
2017.08.14,11:00,1.18032,1.1807,1.1787,1.17952,16301
2017.08.14,07:00,1.18181,1.18382,1.17919,1.18032,18732
2017.08.14,03:00,1.18188,1.18344,1.18166,1.18182,10346
2017.08.13,23:00,1.18217,1.18288,1.18183,1.18188,12629
2017.08.11,19:00,1.18202,1.18468,1.182,1.18228,15768
2017.08.11,15:00,1.18161,1.18296,1.17769,1.18202,30302
2017.08.11,11:00,1.17554,1.18351,1.17484,1.18161,20449
2017.08.11,07:00,1.17744,1.17791,1.17495,1.17554,15719
2017.08.11,03:00,1.17718,1.17761,1.17614,1.17744,11528
2017.08.10,23:00,1.17714,1.17765,1.17633,1.17719,14156
2017.08.10,19:00,1.17561,1.17849,1.17516,1.17713,14679
2017.08.10,15:00,1.17411,1.17617,1.17177,1.17562,30380
2017.08.10,11:00,1.17226,1.17477,1.1704,1.17412,19750
2017.08.10,07:00,1.17357,1.17405,1.17152,1.17227,16690
2017.08.10,03:00,1.17568,1.17619,1.17319,1.17356,12176
2017.08.09,23:00,1.17582,1.17695,1.17513,1.17569,15003
2017.08.09,19:00,1.17443,1.17615,1.17392,1.17585,11056
2017.08.09,15:00,1.17448,1.17493,1.16886,1.17442,27625
2017.08.09,11:00,1.17316,1.17527,1.17254,1.17447,22840
2017.08.09,07:00,1.17373,1.17617,1.1722,1.17317,21114
2017.08.09,03:00,1.17431,1.17491,1.17188,1.17372,14720
2017.08.08,23:00,1.17508,1.17636,1.17332,1.17431,16524
2017.08.08,19:00,1.17522,1.17693,1.174,1.17508,14998
2017.08.08,15:00,1.18145,1.18157,1.17149,1.17521,28212
2017.08.08,11:00,1.18075,1.18182,1.18054,1.18144,13105
2017.08.08,07:00,1.18115,1.18178,1.18016,1.18079,11734
2017.08.08,03:00,1.18021,1.18237,1.18018,1.18112,9917
2017.08.07,23:00,1.17951,1.18049,1.17894,1.18021,11742
2017.08.07,19:00,1.17885,1.17967,1.17871,1.1795,7568
2017.08.07,15:00,1.17866,1.17982,1.17811,1.17885,15988
2017.08.07,11:00,1.17981,1.18082,1.1786,1.17864,15975
2017.08.07,07:00,1.17948,1.18138,1.17779,1.17981,16368
2017.08.07,03:00,1.17857,1.18017,1.1784,1.17948,9356
2017.08.06,23:00,1.17739,1.17927,1.17706,1.17857,24523
2017.08.04,19:00,1.17537,1.17827,1.17496,1.17708,13873
2017.08.04,15:00,1.18296,1.18455,1.1728,1.17538,36132
2017.08.04,11:00,1.1882,1.18848,1.18248,1.18296,21981
2017.08.04,07:00,1.18795,1.18889,1.18737,1.1882,12330
2017.08.04,03:00,1.18765,1.18883,1.18709,1.18795,10785
2017.08.03,23:00,1.18687,1.18853,1.1868,1.18764,13451
2017.08.03,19:00,1.18688,1.18885,1.18604,1.18689,14597
2017.08.03,15:00,1.18591,1.18929,1.18427,1.18687,26562
2017.08.03,11:00,1.18429,1.18739,1.18333,1.18592,23566
2017.08.03,07:00,1.18459,1.18567,1.18303,1.1843,15916
2017.08.03,03:00,1.18355,1.18487,1.1834,1.18461,10697
2017.08.02,23:00,1.18554,1.18583,1.18355,1.18358,12671
2017.08.02,19:00,1.18681,1.19101,1.18497,1.18554,15475
2017.08.02,15:00,1.18243,1.1871,1.18227,1.18677,27350
2017.08.02,11:00,1.18544,1.18588,1.18183,1.18244,21353
2017.08.02,07:00,1.18249,1.18682,1.18169,1.18542,18651
2017.08.02,03:00,1.1813,1.18283,1.17934,1.18248,14610
2017.08.01,23:00,1.18013,1.18174,1.17972,1.18129,12486
2017.08.01,19:00,1.18044,1.18371,1.17984,1.18013,13627
2017.08.01,15:00,1.18174,1.1839,1.17851,1.18043,29382
2017.08.01,11:00,1.18211,1.1824,1.18046,1.18172,19382
2017.08.01,07:00,1.18301,1.1833,1.18109,1.18212,17715
2017.08.01,03:00,1.18267,1.18338,1.18195,1.18304,12485
2017.07.31,23:00,1.18413,1.18442,1.18194,1.18269,17938
2017.07.31,19:00,1.18104,1.18453,1.18079,1.1841,16521
2017.07.31,15:00,1.17334,1.18318,1.17314,1.18106,28585
2017.07.31,11:00,1.17325,1.17442,1.1723,1.17335,15493
2017.07.31,07:00,1.17361,1.17472,1.1723,1.17326,16448
2017.07.31,03:00,1.17424,1.17457,1.17311,1.17362,9674
2017.07.30,23:00,1.17538,1.17616,1.17344,1.17423,18869
2017.07.28,19:00,1.17409,1.17622,1.17408,1.17506,12250
2017.07.28,15:00,1.1716,1.17638,1.17149,1.17404,31652
2017.07.28,11:00,1.17056,1.17529,1.17042,1.1716,25828
2017.07.28,07:00,1.1685,1.17151,1.1685,1.17057,21944
2017.07.28,03:00,1.16758,1.16936,1.1671,1.16849,12303
2017.07.27,23:00,1.16751,1.1692,1.16709,1.16757,12989
2017.07.27,19:00,1.1664,1.16884,1.16594,1.16752,21374
2017.07.27,15:00,1.16965,1.17059,1.16499,1.16642,29222
2017.07.27,11:00,1.17281,1.17332,1.16869,1.16965,23403
2017.07.27,07:00,1.17486,1.1751,1.17119,1.17282,26125
2017.07.27,03:00,1.17294,1.17765,1.17212,1.17487,17483
2017.07.26,23:00,1.17329,1.17471,1.17251,1.17293,16232
2017.07.26,19:00,1.16263,1.17398,1.16262,1.17331,32515
2017.07.26,15:00,1.16409,1.16551,1.16217,1.16264,22514
2017.07.26,11:00,1.1623,1.16512,1.16186,1.16408,20235
2017.07.26,07:00,1.16386,1.16453,1.16125,1.1623,19753
2017.07.26,03:00,1.16413,1.16535,1.16381,1.16384,10262
2017.07.25,23:00,1.16466,1.16482,1.16376,1.16411,8798
2017.07.25,19:00,1.16533,1.16608,1.16421,1.16466,12195
2017.07.25,15:00,1.16883,1.1712,1.16455,1.1653,29397
2017.07.25,11:00,1.16537,1.16989,1.1647,1.16884,21656
2017.07.25,07:00,1.16616,1.16688,1.1643,1.16535,21252
2017.07.25,03:00,1.16375,1.16632,1.16347,1.16617,10204
2017.07.24,23:00,1.16406,1.16448,1.16306,1.16375,16444
2017.07.24,19:00,1.16376,1.16471,1.163,1.16412,8759
2017.07.24,15:00,1.16556,1.16558,1.16257,1.16377,20868
2017.07.24,11:00,1.16529,1.16596,1.16421,1.16555,20944
2017.07.24,07:00,1.16708,1.1675,1.163,1.16527,23121
2017.07.24,03:00,1.16708,1.16751,1.1663,1.16705,8075
2017.07.23,23:00,1.16648,1.1684,1.1663,1.16707,10308
2017.07.21,19:00,1.16658,1.16825,1.16614,1.16628,15789
2017.07.21,15:00,1.16399,1.16701,1.16356,1.16659,22037
2017.07.21,11:00,1.16492,1.16582,1.16351,1.16397,20170
2017.07.21,07:00,1.16283,1.16766,1.16281,1.16492,23425
2017.07.21,03:00,1.16263,1.16362,1.1623,1.16284,12163
2017.07.20,23:00,1.16303,1.16354,1.16189,1.16263,9383
2017.07.20,19:00,1.16347,1.16374,1.16175,1.16304,13241
2017.07.20,15:00,1.15617,1.16579,1.1541,1.16341,40566
2017.07.20,11:00,1.15046,1.15703,1.1479,1.15617,35579
2017.07.20,07:00,1.15116,1.1525,1.14959,1.15045,21613
2017.07.20,03:00,1.15228,1.15269,1.1505,1.15117,14214
2017.07.19,23:00,1.15143,1.15325,1.15123,1.15228,9733
2017.07.19,19:00,1.15206,1.15229,1.15127,1.15141,8634
2017.07.19,15:00,1.15252,1.15363,1.15098,1.15205,21304
2017.07.19,11:00,1.15265,1.15383,1.15209,1.15252,19034
2017.07.19,07:00,1.15376,1.15474,1.15143,1.15264,20777
2017.07.19,03:00,1.15445,1.15449,1.15362,1.15374,7274
2017.07.18,23:00,1.15536,1.15559,1.15431,1.15445,10937
2017.07.18,19:00,1.15629,1.15654,1.15518,1.15537,10718
2017.07.18,15:00,1.15561,1.15829,1.15538,1.15627,25242
2017.07.18,11:00,1.15248,1.15679,1.1519,1.15557,30560
2017.07.18,07:00,1.15273,1.15349,1.1511,1.15251,25803
2017.07.18,03:00,1.1485,1.15376,1.14849,1.15274,19498
2017.07.17,23:00,1.14782,1.14867,1.14713,1.14849,16954
2017.07.17,19:00,1.1472,1.14843,1.14719,1.14779,7564
2017.07.17,15:00,1.14677,1.14868,1.14607,1.14719,20817
2017.07.17,11:00,1.14477,1.14707,1.14449,1.14677,16688
2017.07.17,07:00,1.14611,1.14631,1.14346,1.14478,16324
2017.07.17,03:00,1.14647,1.14671,1.14566,1.14611,8158
2017.07.16,23:00,1.14683,1.14745,1.14635,1.14647,15000
2017.07.14,19:00,1.1459,1.14715,1.1457,1.14669,8994
2017.07.14,15:00,1.14618,1.14631,1.14354,1.14591,28621
2017.07.14,11:00,1.14079,1.14681,1.14071,1.14615,22366
2017.07.14,07:00,1.14005,1.14238,1.14005,1.14077,15620
2017.07.14,03:00,1.14014,1.14105,1.13966,1.14007,7012
2017.07.13,23:00,1.13972,1.14049,1.13912,1.14014,8486
2017.07.13,19:00,1.13904,1.14067,1.1389,1.13972,8915
2017.07.13,15:00,1.14161,1.14176,1.13824,1.13904,21033
2017.07.13,11:00,1.14032,1.1419,1.13703,1.14161,30680
2017.07.13,07:00,1.14373,1.14557,1.13954,1.14032,20542
2017.07.13,03:00,1.14293,1.14388,1.14291,1.14374,8186
2017.07.12,23:00,1.14114,1.14295,1.14108,1.14294,8103
2017.07.12,19:00,1.14204,1.14249,1.14105,1.14115,10604
2017.07.12,15:00,1.14671,1.14687,1.13916,1.14205,34724
2017.07.12,11:00,1.14573,1.14794,1.14261,1.14673,23949
2017.07.12,07:00,1.14852,1.14892,1.14419,1.14573,18042
2017.07.12,03:00,1.14762,1.14883,1.14701,1.14853,9414
2017.07.11,23:00,1.14673,1.14778,1.1462,1.14761,12621
2017.07.11,19:00,1.14394,1.14793,1.14394,1.14673,13822
2017.07.11,15:00,1.14015,1.14476,1.13932,1.14393,23440
2017.07.11,11:00,1.13957,1.14137,1.13898,1.14016,15063
2017.07.11,07:00,1.13882,1.13997,1.13826,1.13957,14831
2017.07.11,03:00,1.13947,1.13972,1.13869,1.13883,6257
2017.07.10,23:00,1.13991,1.13991,1.13927,1.13947,10024
2017.07.10,19:00,1.13952,1.14076,1.13952,1.1399,6303
2017.07.10,15:00,1.13921,1.14018,1.13845,1.13953,15185
2017.07.10,11:00,1.13956,1.13978,1.13815,1.13919,15690
2017.07.10,07:00,1.14038,1.1418,1.13924,1.13955,15294
2017.07.10,03:00,1.14004,1.14083,1.13992,1.14037,5596
2017.07.09,23:00,1.13974,1.14037,1.13913,1.14003,5675
2017.07.07,19:00,1.14078,1.14107,1.13978,1.13995,7543
2017.07.07,15:00,1.14016,1.14084,1.13793,1.14078,23838
2017.07.07,11:00,1.14216,1.14396,1.13863,1.14015,25246
2017.07.07,07:00,1.14147,1.14273,1.14068,1.14215,16529
2017.07.07,03:00,1.14152,1.14238,1.14082,1.14148,11813
2017.07.06,23:00,1.1422,1.14254,1.14131,1.14151,11214
2017.07.06,19:00,1.14198,1.14246,1.14155,1.14228,9837
2017.07.06,15:00,1.13904,1.14195,1.13814,1.14194,22305
2017.07.06,11:00,1.13486,1.13975,1.13442,1.13903,28091
2017.07.06,07:00,1.13388,1.13569,1.13307,1.13487,13477
2017.07.06,03:00,1.13414,1.13444,1.13297,1.13388,7394
2017.07.05,23:00,1.13511,1.13545,1.13352,1.13416,9453
2017.07.05,19:00,1.13382,1.13559,1.13225,1.13512,15651
2017.07.05,15:00,1.13202,1.13437,1.13179,1.13381,18293
2017.07.05,11:00,1.13415,1.1344,1.13123,1.13203,20533
2017.07.05,07:00,1.13544,1.13679,1.13405,1.13415,17364
2017.07.05,03:00,1.13584,1.13684,1.1353,1.13542,8027
2017.07.04,23:00,1.13432,1.13642,1.13425,1.13585,10424
2017.07.04,19:00,1.1351,1.13532,1.1343,1.13436,19924
2017.07.04,15:00,1.13426,1.13536,1.13378,1.13508,11478
2017.07.04,11:00,1.13536,1.13552,1.13398,1.13425,11513
2017.07.04,07:00,1.13718,1.13742,1.13358,1.13535,18483
2017.07.04,03:00,1.13736,1.13739,1.13636,1.13717,7652
2017.07.03,23:00,1.13637,1.13767,1.13567,1.13736,10467
2017.07.03,19:00,1.1357,1.13684,1.13563,1.1364,4486
2017.07.03,15:00,1.13676,1.13735,1.13549,1.13571,20344
2017.07.03,11:00,1.13787,1.13855,1.13614,1.13675,16413
2017.07.03,07:00,1.14127,1.14149,1.13768,1.13787,18927
2017.07.03,03:00,1.14171,1.142,1.14036,1.14127,7823
2017.07.02,23:00,1.1417,1.14266,1.14155,1.14169,8109
2017.06.30,19:00,1.14122,1.14236,1.14084,1.14193,11210
2017.06.30,15:00,1.14124,1.14274,1.13952,1.14123,24649
2017.06.30,11:00,1.14026,1.14208,1.13919,1.14126,23649
2017.06.30,07:00,1.14401,1.1441,1.13953,1.14035,23539
2017.06.30,03:00,1.14283,1.14441,1.14275,1.14402,10787
2017.06.29,23:00,1.14399,1.14451,1.14267,1.14283,17031
2017.06.29,19:00,1.14296,1.14453,1.14274,1.14401,14602
2017.06.29,15:00,1.14005,1.14318,1.13951,1.14297,27022
2017.06.29,11:00,1.14256,1.14263,1.1388,1.14006,22225
2017.06.29,07:00,1.14015,1.14347,1.13952,1.14255,23093
2017.06.29,03:00,1.13868,1.1419,1.13848,1.14015,10374
2017.06.28,23:00,1.13774,1.13892,1.13741,1.13868,10440
2017.06.28,19:00,1.13783,1.1385,1.13733,1.13774,9535
2017.06.28,15:00,1.13312,1.13905,1.1328,1.13778,34331
2017.06.28,11:00,1.13603,1.13798,1.12911,1.1331,27985
2017.06.28,07:00,1.13464,1.1388,1.1345,1.13602,25855
2017.06.28,03:00,1.13394,1.13552,1.13368,1.13465,9017
2017.06.27,23:00,1.13383,1.13444,1.13305,1.13395,15630
2017.06.27,19:00,1.13121,1.13491,1.13064,1.13384,16582
2017.06.27,15:00,1.12767,1.13348,1.12744,1.13116,23636
2017.06.27,11:00,1.12493,1.12837,1.1244,1.12767,19748
2017.06.27,07:00,1.11898,1.12548,1.11821,1.12488,20745
2017.06.27,03:00,1.11837,1.11923,1.11804,1.11899,5624
2017.06.26,23:00,1.11821,1.11851,1.11787,1.11838,10675
2017.06.26,19:00,1.11872,1.11943,1.11753,1.11814,7074
2017.06.26,15:00,1.1211,1.12184,1.11818,1.11873,15188
2017.06.26,11:00,1.11855,1.12196,1.11716,1.12109,15332
2017.06.26,07:00,1.11914,1.12076,1.11816,1.11856,11399
2017.06.26,03:00,1.1196,1.11977,1.11897,1.11915,6741
2017.06.25,23:00,1.11957,1.11999,1.11897,1.11962,6642
2017.06.23,19:00,1.1197,1.12021,1.11926,1.11942,4103
2017.06.23,15:00,1.11759,1.12086,1.1175,1.11967,11838
2017.06.23,11:00,1.11713,1.118,1.11614,1.1176,10205
2017.06.23,07:00,1.11616,1.11877,1.11616,1.11713,11099
2017.06.23,03:00,1.11493,1.11637,1.11465,1.11615,4238
2017.06.22,23:00,1.1151,1.11536,1.1145,1.11492,7447
2017.06.22,19:00,1.11551,1.11573,1.11392,1.11515,6890
2017.06.22,15:00,1.11608,1.11638,1.11451,1.11552,14065
2017.06.22,11:00,1.11678,1.11742,1.11567,1.11608,10831
2017.06.22,07:00,1.11707,1.11777,1.11543,1.11679,9675
2017.06.22,03:00,1.1163,1.11715,1.1162,1.11706,5908
2017.06.21,23:00,1.1168,1.11709,1.11601,1.1163,9460
2017.06.21,19:00,1.11469,1.11689,1.11444,1.11679,8762
2017.06.21,15:00,1.11477,1.11485,1.11299,1.11469,14831
2017.06.21,11:00,1.11426,1.11556,1.11373,1.11478,14595
2017.06.21,07:00,1.11334,1.11454,1.11271,1.11424,10006
2017.06.21,03:00,1.11353,1.11381,1.11326,1.11333,3731
2017.06.20,23:00,1.11334,1.11368,1.11304,1.11352,9985
2017.06.20,19:00,1.11247,1.11344,1.11199,1.11335,6636
2017.06.20,15:00,1.11504,1.11533,1.11187,1.11244,17072
2017.06.20,11:00,1.1158,1.11646,1.11411,1.11504,13978
2017.06.20,07:00,1.11553,1.11648,1.11425,1.1158,12135
2017.06.20,03:00,1.11446,1.11584,1.11446,1.11553,4805
2017.06.19,23:00,1.11479,1.11529,1.11406,1.11446,13413
2017.06.19,19:00,1.11584,1.11595,1.11428,1.11482,5889
2017.06.19,15:00,1.11819,1.11842,1.11554,1.11585,14282
2017.06.19,11:00,1.11952,1.12127,1.11768,1.11817,13685
2017.06.19,07:00,1.11934,1.12075,1.11821,1.11951,9618
2017.06.19,03:00,1.11905,1.11999,1.11898,1.11934,5092
2017.06.18,23:00,1.12056,1.12078,1.11893,1.11905,10116
2017.06.16,19:00,1.11882,1.12014,1.11874,1.11934,6265
2017.06.16,15:00,1.11722,1.11997,1.11651,1.11884,14169
2017.06.16,11:00,1.1173,1.11836,1.11571,1.11721,11704
2017.06.16,07:00,1.1144,1.11749,1.11383,1.11729,11968
2017.06.16,03:00,1.11537,1.11551,1.11415,1.11439,5163
2017.06.15,23:00,1.11449,1.11553,1.1142,1.11537,11503
2017.06.15,19:00,1.1148,1.11578,1.1142,1.11452,8108
2017.06.15,15:00,1.11516,1.11578,1.11319,1.11479,20743
2017.06.15,11:00,1.11795,1.11849,1.11491,1.11517,21522
2017.06.15,07:00,1.1221,1.12216,1.11751,1.11794,16455
2017.06.15,03:00,1.12184,1.12283,1.12148,1.12213,6876
2017.06.14,23:00,1.12172,1.12218,1.1205,1.12184,13026
2017.06.14,19:00,1.12729,1.12891,1.11928,1.12169,30366
2017.06.14,15:00,1.12627,1.12956,1.12619,1.12728,22839
2017.06.14,11:00,1.12076,1.12676,1.11975,1.12629,15831
2017.06.14,07:00,1.12149,1.12252,1.12052,1.12074,10366
2017.06.14,03:00,1.12135,1.12195,1.12111,1.12148,4417
2017.06.13,23:00,1.12105,1.12151,1.12058,1.12135,11065
2017.06.13,19:00,1.12015,1.12125,1.12013,1.12106,5372
2017.06.13,15:00,1.12069,1.12183,1.1192,1.12014,11251
2017.06.13,11:00,1.12124,1.12201,1.12004,1.12069,9780
2017.06.13,07:00,1.11928,1.12246,1.11852,1.1212,11403
2017.06.13,03:00,1.11942,1.11987,1.11891,1.11928,4850
2017.06.12,23:00,1.12032,1.12071,1.11934,1.11942,11311
2017.06.12,19:00,1.11979,1.12098,1.11958,1.12028,8111
2017.06.12,15:00,1.12146,1.12199,1.11918,1.11978,14091
2017.06.12,11:00,1.12252,1.1232,1.12077,1.12145,12179
2017.06.12,07:00,1.12065,1.12275,1.1204,1.12254,9899
2017.06.12,03:00,1.12046,1.12117,1.11973,1.12064,5371
2017.06.11,23:00,1.12064,1.12097,1.11969,1.12046,5650
2017.06.09,19:00,1.11977,1.12039,1.11907,1.11959,9535
2017.06.09,15:00,1.1169,1.12007,1.11663,1.11975,10595
2017.06.09,11:00,1.11761,1.11871,1.11668,1.11688,12534
2017.06.09,07:00,1.12039,1.12156,1.11694,1.11758,23138
2017.06.09,03:00,1.11822,1.12144,1.11805,1.12041,12427
2017.06.08,23:00,1.12122,1.12365,1.11791,1.11822,19011
2017.06.08,19:00,1.12112,1.12284,1.12014,1.12121,8324
2017.06.08,15:00,1.12264,1.12297,1.11955,1.12113,22930
2017.06.08,11:00,1.12487,1.12625,1.11943,1.12263,24734
2017.06.08,07:00,1.12571,1.1269,1.12431,1.12489,10842
2017.06.08,03:00,1.12502,1.12611,1.12469,1.12572,5723
2017.06.07,23:00,1.12551,1.12645,1.12476,1.12503,13046
2017.06.07,19:00,1.12646,1.12719,1.12513,1.12553,9714
2017.06.07,15:00,1.12296,1.12824,1.12228,1.12645,20044
2017.06.07,11:00,1.12621,1.12767,1.12039,1.12298,18284
2017.06.07,07:00,1.12642,1.12767,1.12459,1.12622,9801
2017.06.07,03:00,1.12724,1.12736,1.12599,1.12643,5095
2017.06.06,23:00,1.1277,1.12818,1.12676,1.12723,9706
2017.06.06,19:00,1.12702,1.1284,1.12678,1.1277,7731
2017.06.06,15:00,1.1255,1.12764,1.12537,1.12698,13509
2017.06.06,11:00,1.12521,1.12593,1.12402,1.1255,11384
2017.06.06,07:00,1.12679,1.12776,1.12421,1.12517,10091
2017.06.06,03:00,1.1262,1.12746,1.1262,1.12678,6680
2017.06.05,23:00,1.12542,1.12653,1.1253,1.12621,10792
2017.06.05,19:00,1.12528,1.12642,1.12507,1.1254,4688
2017.06.05,15:00,1.12418,1.12553,1.12341,1.12526,10267
2017.06.05,11:00,1.12718,1.12718,1.12352,1.12417,10968
2017.06.05,07:00,1.12662,1.12786,1.12599,1.12719,8326
2017.06.05,03:00,1.12722,1.1277,1.12631,1.12663,6074
2017.06.04,23:00,1.12719,1.12835,1.12688,1.12723,12641
2017.06.02,19:00,1.12696,1.1285,1.12667,1.12832,7144
2017.06.02,15:00,1.12692,1.12812,1.12545,1.12695,18496
2017.06.02,11:00,1.12208,1.12823,1.12048,1.12692,17251
2017.06.02,07:00,1.12193,1.12279,1.12141,1.12209,7989
2017.06.02,03:00,1.12165,1.12221,1.12149,1.12193,3135
2017.06.01,23:00,1.12123,1.12191,1.12113,1.12164,7562
2017.06.01,19:00,1.12093,1.12193,1.12064,1.12121,5286
2017.06.01,15:00,1.12146,1.12343,1.12061,1.12092,13003
2017.06.01,11:00,1.12264,1.12366,1.12019,1.12145,13942
2017.06.01,07:00,1.12461,1.12486,1.12228,1.12261,11958
2017.06.01,03:00,1.12342,1.12565,1.12333,1.12464,8055
2017.05.31,23:00,1.12429,1.12485,1.12333,1.12343,12388
2017.05.31,19:00,1.12367,1.12471,1.12278,1.1243,9183
2017.05.31,15:00,1.1222,1.1252,1.12172,1.12367,22086
2017.05.31,11:00,1.11739,1.12284,1.11709,1.12219,16016
2017.05.31,07:00,1.11726,1.11968,1.11642,1.11746,12102
2017.05.31,03:00,1.11713,1.11797,1.11704,1.11726,5729
2017.05.30,23:00,1.11853,1.11895,1.11692,1.11708,12075
2017.05.30,19:00,1.11746,1.11966,1.1174,1.11855,4924
2017.05.30,15:00,1.11623,1.12051,1.1162,1.11742,16361
2017.05.30,11:00,1.114,1.11931,1.11366,1.11621,18363
2017.05.30,07:00,1.11272,1.11487,1.11092,1.11398,13546
2017.05.30,03:00,1.1133,1.11334,1.11219,1.11273,5816
2017.05.29,23:00,1.11622,1.11685,1.11275,1.11331,15030
2017.05.29,19:00,1.11736,1.11764,1.11621,1.11627,12514
2017.05.29,15:00,1.11848,1.11884,1.1167,1.11735,7240
2017.05.29,11:00,1.11833,1.11897,1.11772,1.11846,6425
2017.05.29,07:00,1.11637,1.11895,1.11632,1.11832,6787
2017.05.29,03:00,1.11722,1.11732,1.11621,1.11636,3435
2017.05.28,23:00,1.11705,1.11845,1.11616,1.11721,11380
2017.05.26,19:00,1.11771,1.1183,1.11676,1.11775,5802
2017.05.26,15:00,1.11801,1.11873,1.11602,1.1177,16346
2017.05.26,11:00,1.12238,1.12267,1.11778,1.11801,16081
2017.05.26,07:00,1.12001,1.12344,1.11909,1.12239,12845
2017.05.26,03:00,1.1206,1.12076,1.11849,1.12001,7603
2017.05.25,23:00,1.121,1.12159,1.11964,1.12057,12876
2017.05.25,19:00,1.12175,1.12206,1.11981,1.12101,6715
2017.05.25,15:00,1.12024,1.12258,1.12004,1.12177,13330
2017.05.25,11:00,1.12418,1.12418,1.11935,1.12024,15169
2017.05.25,07:00,1.12408,1.12502,1.12252,1.12419,13900
2017.05.25,03:00,1.12227,1.12443,1.12184,1.12407,7278
2017.05.24,23:00,1.12181,1.1233,1.12107,1.12228,9562
2017.05.24,19:00,1.11773,1.12197,1.11755,1.12184,19608
2017.05.24,15:00,1.11982,1.12044,1.11683,1.11773,17825
2017.05.24,11:00,1.1185,1.1202,1.11747,1.11977,15794
2017.05.24,07:00,1.11798,1.11965,1.11698,1.11854,14639
2017.05.24,03:00,1.11864,1.11908,1.11775,1.11799,6217
2017.05.23,23:00,1.11821,1.11916,1.1177,1.11865,10933
2017.05.23,19:00,1.11919,1.12085,1.11749,1.11825,11090
2017.05.23,15:00,1.12336,1.1249,1.11819,1.11919,26679
2017.05.23,11:00,1.12481,1.12627,1.1211,1.12336,15353
2017.05.23,07:00,1.12503,1.12678,1.12218,1.12481,22291
2017.05.23,03:00,1.12392,1.12539,1.12391,1.12502,6220
2017.05.22,23:00,1.12371,1.12469,1.12302,1.12393,11164
2017.05.22,19:00,1.12336,1.12439,1.12291,1.12371,6310
2017.05.22,15:00,1.12453,1.12633,1.12285,1.12337,16398
2017.05.22,11:00,1.11676,1.12497,1.11657,1.12452,20826
2017.05.22,07:00,1.11885,1.12008,1.11612,1.11678,13284
2017.05.22,03:00,1.11868,1.11959,1.11824,1.11884,5412
2017.05.21,23:00,1.12001,1.12097,1.11861,1.11864,9900
2017.05.19,19:00,1.11903,1.12116,1.11896,1.12063,9839
2017.05.19,15:00,1.11792,1.11968,1.11779,1.11905,16447
2017.05.19,11:00,1.11492,1.11857,1.11467,1.11792,14396
2017.05.19,07:00,1.11117,1.11609,1.11089,1.11492,12184
2017.05.19,03:00,1.11086,1.11135,1.10994,1.11116,6110
2017.05.18,23:00,1.11025,1.11145,1.10958,1.11086,10106
2017.05.18,19:00,1.11252,1.11301,1.10753,1.11027,17494
2017.05.18,15:00,1.11084,1.11378,1.11045,1.11254,22469
2017.05.18,11:00,1.11271,1.114,1.11039,1.11085,22618
2017.05.18,07:00,1.11439,1.11456,1.1121,1.1127,16560
2017.05.18,03:00,1.11644,1.11717,1.11389,1.1144,9867
2017.05.17,23:00,1.11583,1.117,1.11508,1.11643,13749
2017.05.17,19:00,1.11379,1.1162,1.11373,1.11583,12452
2017.05.17,15:00,1.11229,1.11499,1.11015,1.11377,23564
2017.05.17,11:00,1.10851,1.11241,1.10845,1.11229,13337
2017.05.17,07:00,1.11059,1.11221,1.10814,1.10852,16085
2017.05.17,03:00,1.10953,1.11169,1.10939,1.11058,7408
2017.05.16,23:00,1.10823,1.10977,1.10792,1.10953,12131
2017.05.16,19:00,1.10756,1.10971,1.10751,1.10825,6804
2017.05.16,15:00,1.10775,1.1086,1.10638,1.10754,18337
2013.10.18,20:00,1.36793,1.36849,1.36765,1.36839,1955
2013.10.18,16:00,1.36779,1.36993,1.36773,1.36795,6639
2013.10.18,12:00,1.36918,1.37036,1.3669,1.3678,8193
2013.10.18,08:00,1.3664,1.36947,1.36636,1.36919,7910
2013.10.18,04:00,1.36628,1.36673,1.36594,1.3664,2955
2013.10.18,00:00,1.36726,1.36727,1.36599,1.36627,3553
2013.10.17,20:00,1.36686,1.36799,1.36644,1.36723,4033
2013.10.17,16:00,1.3648,1.36806,1.36453,1.36686,9104
2013.10.17,12:00,1.36215,1.36678,1.36166,1.36481,10184
2013.10.17,08:00,1.35442,1.36375,1.35409,1.36216,9298
2013.10.17,04:00,1.35385,1.3552,1.35347,1.3544,3687
2013.10.17,00:00,1.35338,1.35386,1.35154,1.35386,4021
2013.10.16,20:00,1.35088,1.355,1.35079,1.35334,5923
2013.10.16,16:00,1.35539,1.3557,1.34734,1.3509,11767
2013.10.16,12:00,1.35307,1.35673,1.35262,1.35539,7554
2013.10.16,08:00,1.35133,1.35436,1.35111,1.35309,5713
2013.10.16,04:00,1.35078,1.35236,1.35059,1.35134,3146
2013.10.16,00:00,1.35228,1.3531,1.35058,1.35076,4292
2013.10.15,20:00,1.34981,1.35361,1.34909,1.35226,6194
2013.10.15,16:00,1.34943,1.35067,1.34821,1.34982,10122
2013.10.15,12:00,1.35429,1.35518,1.34794,1.34936,9365
2013.10.15,08:00,1.35668,1.35708,1.35434,1.35434,5384
2013.10.15,04:00,1.35526,1.35684,1.35521,1.35665,2630
2013.10.15,00:00,1.35603,1.35668,1.35501,1.35522,3393
2013.10.14,20:00,1.35751,1.3577,1.35588,1.35606,4378
2013.10.14,16:00,1.35867,1.3594,1.35753,1.35753,5915
2013.10.14,12:00,1.35525,1.35974,1.35511,1.35867,5783
2013.10.14,08:00,1.35643,1.35689,1.35453,1.35528,4189
